{
  "position": "p5",
  "bw": "25m",
  "modulation": "16qam",
  "receivers": [
    "ls_p0",
    "ls",
    "lmmse_pdp",
    "lmmse_empirical",
    "dt_assisted_ls",
    "dt_assisted_lmmse"
  ],
  "P_cal": 0.49284461960196496,
  "r_hh_pdp": {
    "model": "measured_pdp",
    "n_taps": 50,
    "eff_rank": 173,
    "trace": 189.25233368884966
  },
  "r_hh_empirical": {
    "n_positions": 20,
    "eff_rank": 173,
    "trace": 210.45192562012443
  },
  "captures": [
    {
      "ber": {
        "ls_p0": 0.4378585824120589,
        "ls": 0.4269253230156289,
        "lmmse_pdp": 0.4288102779771262,
        "lmmse_empirical": 0.43128175335474905,
        "dt_assisted_ls": 0.41313228155685416,
        "dt_assisted_lmmse": 0.39522307354675007
      },
      "mse": {
        "ls_p0": 0.1093755152558073,
        "ls": 0.1093755152558073,
        "lmmse_pdp": 0.07709286242185147,
        "lmmse_empirical": 0.07960271689475946,
        "dt_assisted_ls": 0.016625794361365638,
        "dt_assisted_lmmse": 0.008057810393533526
      },
      "h_power": 0.04344453290104866,
      "n_frames": 4877,
      "n_bits": 44946432,
      "cfo_hz": -433.7447653000252,
      "sigma_w_sq": 0.10225254062501811,
      "ebn0_db": -9.905479841264134,
      "snr_db": -2.9157797979039457,
      "w_mean": 0.10176838638883935,
      "scale_ratio": 0.08815056748744803,
      "dt_corr": 0.7653314048207287,
      "file": "rx_16qam_25m_p5_txg13.npz",
      "tx_gain": 13
    },
    {
      "ber": {
        "ls_p0": 0.4097044232565557,
        "ls": 0.39599514817994896,
        "lmmse_pdp": 0.39993508272247286,
        "lmmse_empirical": 0.40287823069025813,
        "dt_assisted_ls": 0.384373024314811,
        "dt_assisted_lmmse": 0.3618584896794477
      },
      "mse": {
        "ls_p0": 0.10985953681864269,
        "ls": 0.10985953681864269,
        "lmmse_pdp": 0.07763394152595697,
        "lmmse_empirical": 0.08024725884069345,
        "dt_assisted_ls": 0.02476325777574482,
        "dt_assisted_lmmse": 0.01063557820657508
      },
      "h_power": 0.07097021490335464,
      "n_frames": 4877,
      "n_bits": 44946432,
      "cfo_hz": -451.43788565913275,
      "sigma_w_sq": 0.10225254062501811,
      "ebn0_db": -8.036295621041077,
      "snr_db": -1.0465955776808902,
      "w_mean": 0.15603444502854058,
      "scale_ratio": 0.14400119648393883,
      "dt_corr": 0.7681788673462487,
      "file": "rx_16qam_25m_p5_txg15.npz",
      "tx_gain": 15
    },
    {
      "ber": {
        "ls_p0": 0.37180432920682116,
        "ls": 0.35566667449821154,
        "lmmse_pdp": 0.361794057423735,
        "lmmse_empirical": 0.3647006730144898,
        "dt_assisted_ls": 0.35048681950994465,
        "dt_assisted_lmmse": 0.3215994542125168
      },
      "mse": {
        "ls_p0": 0.113921467949199,
        "ls": 0.113921467949199,
        "lmmse_pdp": 0.08116064860533093,
        "lmmse_empirical": 0.08401250359425569,
        "dt_assisted_ls": 0.03647657573892354,
        "dt_assisted_lmmse": 0.01497323577286375
      },
      "h_power": 0.1164986863732338,
      "n_frames": 4877,
      "n_bits": 44946432,
      "cfo_hz": -433.1408136516209,
      "sigma_w_sq": 0.10225254062501811,
      "ebn0_db": -5.941616990331392,
      "snr_db": 1.0480830530287963,
      "w_mean": 0.23255285679289917,
      "scale_ratio": 0.23638015256678946,
      "dt_corr": 0.7656812429502559,
      "file": "rx_16qam_25m_p5_txg17.npz",
      "tx_gain": 17
    },
    {
      "ber": {
        "ls_p0": 0.3316175352917891,
        "ls": 0.31409427560345615,
        "lmmse_pdp": 0.32152240693988793,
        "lmmse_empirical": 0.3241945879041077,
        "dt_assisted_ls": 0.3176595641674071,
        "dt_assisted_lmmse": 0.28298250682056364
      },
      "mse": {
        "ls_p0": 0.12108079162209918,
        "ls": 0.12108079162209918,
        "lmmse_pdp": 0.08752079819715848,
        "lmmse_empirical": 0.09065798297999786,
        "dt_assisted_ls": 0.04977014675829372,
        "dt_assisted_lmmse": 0.021800363459275746
      },
      "h_power": 0.1808072328567505,
      "n_frames": 4877,
      "n_bits": 44946432,
      "cfo_hz": -446.0671808468032,
      "sigma_w_sq": 0.10225254062501811,
      "ebn0_db": -4.030811701501207,
      "snr_db": 2.958888341858982,
      "w_mean": 0.31947990946082033,
      "scale_ratio": 0.36686457691833063,
      "dt_corr": 0.7633513413932695,
      "file": "rx_16qam_25m_p5_txg19.npz",
      "tx_gain": 19
    },
    {
      "ber": {
        "ls_p0": 0.2874702935263026,
        "ls": 0.2692800175996172,
        "lmmse_pdp": 0.2768361902453125,
        "lmmse_empirical": 0.27915423853889004,
        "dt_assisted_ls": 0.27858131208279224,
        "dt_assisted_lmmse": 0.24104783222837353
      },
      "mse": {
        "ls_p0": 0.12925623631039762,
        "ls": 0.12925623631039762,
        "lmmse_pdp": 0.09487290045337175,
        "lmmse_empirical": 0.09849925124469318,
        "dt_assisted_ls": 0.0643992069675271,
        "dt_assisted_lmmse": 0.029853869435926494
      },
      "h_power": 0.2829514145851135,
      "n_frames": 4877,
      "n_bits": 44946432,
      "cfo_hz": -441.233044214617,
      "sigma_w_sq": 0.10225254062501811,
      "ebn0_db": -2.116687429636138,
      "snr_db": 4.87301261372405,
      "w_mean": 0.42300718377447577,
      "scale_ratio": 0.5741189075243085,
      "dt_corr": 0.7691096814633077,
      "file": "rx_16qam_25m_p5_txg21.npz",
      "tx_gain": 21
    },
    {
      "ber": {
        "ls_p0": 0.24116534989918667,
        "ls": 0.22353801075911878,
        "lmmse_pdp": 0.22998455138774976,
        "lmmse_empirical": 0.23210289528654912,
        "dt_assisted_ls": 0.23776149795383092,
        "dt_assisted_lmmse": 0.2003550582168569
      },
      "mse": {
        "ls_p0": 0.14010922697541267,
        "ls": 0.14010922697541267,
        "lmmse_pdp": 0.1044805782818251,
        "lmmse_empirical": 0.10907286555200611,
        "dt_assisted_ls": 0.08314658650689882,
        "dt_assisted_lmmse": 0.04148337048063291
      },
      "h_power": 0.45018109679222107,
      "n_frames": 4877,
      "n_bits": 44946432,
      "cfo_hz": -455.9221041414039,
      "sigma_w_sq": 0.10225254062501811,
      "ebn0_db": -0.14773367716918148,
      "snr_db": 6.841966366191007,
      "w_mean": 0.5378159306004154,
      "scale_ratio": 0.9134341309352223,
      "dt_corr": 0.766838870546453,
      "file": "rx_16qam_25m_p5_txg23.npz",
      "tx_gain": 23
    },
    {
      "ber": {
        "ls_p0": 0.19356562051466064,
        "ls": 0.17672793248638735,
        "lmmse_pdp": 0.18134774301995762,
        "lmmse_empirical": 0.1836583602453694,
        "dt_assisted_ls": 0.19305746004488186,
        "dt_assisted_lmmse": 0.1620576690047388
      },
      "mse": {
        "ls_p0": 0.16048471789978996,
        "ls": 0.16048471789978996,
        "lmmse_pdp": 0.1228856737766789,
        "lmmse_empirical": 0.12856753689859213,
        "dt_assisted_ls": 0.10712801601974349,
        "dt_assisted_lmmse": 0.06505495762555957
      },
      "h_power": 0.7161805033683777,
      "n_frames": 4877,
      "n_bits": 44946432,
      "cfo_hz": -457.14646181100363,
      "sigma_w_sq": 0.10225254062501811,
      "ebn0_db": 1.855983218198067,
      "snr_db": 8.845683261558255,
      "w_mean": 0.6487404366332874,
      "scale_ratio": 1.4531567858989412,
      "dt_corr": 0.765651131412013,
      "file": "rx_16qam_25m_p5_txg25.npz",
      "tx_gain": 25
    },
    {
      "ber": {
        "ls_p0": 0.1513444715700681,
        "ls": 0.13593368212186455,
        "lmmse_pdp": 0.13873147928627572,
        "lmmse_empirical": 0.14183615286748458,
        "dt_assisted_ls": 0.1513490103063131,
        "dt_assisted_lmmse": 0.12999432301990066
      },
      "mse": {
        "ls_p0": 0.19609627924671255,
        "ls": 0.19609627924671255,
        "lmmse_pdp": 0.1545382271045327,
        "lmmse_empirical": 0.1619026556563586,
        "dt_assisted_ls": 0.14224497300968744,
        "dt_assisted_lmmse": 0.10125363731099042
      },