{
  "position": "p3",
  "bw": "25m",
  "modulation": "16qam",
  "receivers": [
    "ls_p0",
    "ls",
    "lmmse_pdp",
    "lmmse_empirical",
    "dt_assisted_ls",
    "dt_assisted_lmmse"
  ],
  "P_cal": 0.49284461960196496,
  "r_hh_pdp": {
    "model": "measured_pdp",
    "n_taps": 50,
    "eff_rank": 173,
    "trace": 189.25233368884966
  },
  "r_hh_empirical": {
    "n_positions": 20,
    "eff_rank": 173,
    "trace": 210.45192562012443
  },
  "captures": [
    {
      "ber": {
        "ls_p0": 0.46532156300208366,
        "ls": 0.45826893031863486,
        "lmmse_pdp": 0.4596629969451348,
        "lmmse_empirical": 0.4597058015373174,
        "dt_assisted_ls": 0.4577596145095898,
        "dt_assisted_lmmse": 0.44611034229552643
      },
      "mse": {
        "ls_p0": 0.11418807990475573,
        "ls": 0.11418807990475573,
        "lmmse_pdp": 0.08126800295511678,
        "lmmse_empirical": 0.08364450819445732,
        "dt_assisted_ls": 0.0068930237563604255,
        "dt_assisted_lmmse": 0.007078707268325877
      },
      "h_power": 0.01384118665009737,
      "n_frames": 4426,
      "n_bits": 40790016,
      "cfo_hz": -457.2456910867813,
      "sigma_w_sq": 0.10357426676600805,
      "ebn0_db": -13.127125734289676,
      "snr_db": -6.137425690929488,
      "w_mean": 0.03445376347551836,
      "scale_ratio": 0.028084280723762182,
      "dt_corr": 0.6984230400523221,
      "file": "rx_16qam_25m_p3_txg13.npz",
      "tx_gain": 13
    },
    {
      "ber": {
        "ls_p0": 0.447360667414174,
        "ls": 0.43777627137697506,
        "lmmse_pdp": 0.4410169985628195,
        "lmmse_empirical": 0.440983292054156,
        "dt_assisted_ls": 0.43951538715675387,
        "dt_assisted_lmmse": 0.42345766968561316
      },
      "mse": {
        "ls_p0": 0.11696769533643979,
        "ls": 0.11696769533643979,
        "lmmse_pdp": 0.08388953762996158,
        "lmmse_empirical": 0.08584307567629282,
        "dt_assisted_ls": 0.012286592396014075,
        "dt_assisted_lmmse": 0.013528723646642562
      },
      "h_power": 0.02550293691456318,
      "n_frames": 4803,
      "n_bits": 44264448,
      "cfo_hz": -452.8478944871667,
      "sigma_w_sq": 0.10357426676600805,
      "ebn0_db": -11.112510336263163,
      "snr_db": -4.122810292902975,
      "w_mean": 0.06166051536112179,
      "scale_ratio": 0.05174640424229458,
      "dt_corr": 0.6947672044084606,
      "file": "rx_16qam_25m_p3_txg15.npz",
      "tx_gain": 15
    },
    {
      "ber": {
        "ls_p0": 0.42152462649473627,
        "ls": 0.40909793293712093,
        "lmmse_pdp": 0.4151317683301865,
        "lmmse_empirical": 0.41480506297202197,
        "dt_assisted_ls": 0.4074747316269024,
        "dt_assisted_lmmse": 0.3931358797488271
      },
      "mse": {
        "ls_p0": 0.11577443097106677,
        "ls": 0.11577443097106677,
        "lmmse_pdp": 0.08311476183617988,
        "lmmse_empirical": 0.08476515202928595,
        "dt_assisted_ls": 0.022197997140775368,
        "dt_assisted_lmmse": 0.023458210702583294
      },
      "h_power": 0.049976784735918045,
      "n_frames": 4855,
      "n_bits": 44743680,
      "cfo_hz": -457.1315104796374,
      "sigma_w_sq": 0.10357426676600805,
      "ebn0_db": -9.069750587499465,
      "snr_db": -2.0800505441392767,
      "w_mean": 0.11397753738602101,
      "scale_ratio": 0.10140474857223904,
      "dt_corr": 0.6943733845265407,
      "file": "rx_16qam_25m_p3_txg17.npz",
      "tx_gain": 17
    },
    {
      "ber": {
        "ls_p0": 0.3897672010984098,
        "ls": 0.3748790560282961,
        "lmmse_pdp": 0.3836761503115531,
        "lmmse_empirical": 0.3832400311553095,
        "dt_assisted_ls": 0.3795056524175267,
        "dt_assisted_lmmse": 0.3630197386969448
      },
      "mse": {
        "ls_p0": 0.12355987384016164,
        "ls": 0.12355987384016164,
        "lmmse_pdp": 0.09036629542935137,
        "lmmse_empirical": 0.09153491337716095,
        "dt_assisted_ls": 0.03306768875522629,
        "dt_assisted_lmmse": 0.0376361466982996
      },
      "h_power": 0.07831155508756638,
      "n_frames": 4877,
      "n_bits": 44946432,
      "cfo_hz": -457.5989687292666,
      "sigma_w_sq": 0.10357426676600805,
      "ebn0_db": -7.064440051979836,
      "snr_db": -0.0747400086196477,
      "w_mean": 0.1676080972600149,
      "scale_ratio": 0.1588970478176529,
      "dt_corr": 0.6832142340313044,
      "file": "rx_16qam_25m_p3_txg19.npz",
      "tx_gain": 19
    },
    {
      "ber": {
        "ls_p0": 0.3541132475209601,
        "ls": 0.3375006719109539,
        "lmmse_pdp": 0.34806920825217,
        "lmmse_empirical": 0.3474504939568952,
        "dt_assisted_ls": 0.343592367910316,
        "dt_assisted_lmmse": 0.33328914740106624
      },
      "mse": {
        "ls_p0": 0.1305858415108738,
        "ls": 0.1305858415108738,
        "lmmse_pdp": 0.09714958904051785,
        "lmmse_empirical": 0.09783146352245634,
        "dt_assisted_ls": 0.0458790523279811,
        "dt_assisted_lmmse": 0.0567810305189345
      },
      "h_power": 0.12496140599250793,
      "n_frames": 4877,
      "n_bits": 44946432,
      "cfo_hz": -463.83790948971,
      "sigma_w_sq": 0.10357426676600805,
      "ebn0_db": -5.177880184643771,
      "snr_db": 1.811819858716416,
      "w_mean": 0.24289381657950915,
      "scale_ratio": 0.25355132433713135,
      "dt_corr": 0.6903324222632009,
      "file": "rx_16qam_25m_p3_txg21.npz",
      "tx_gain": 21
    },
    {
      "ber": {
        "ls_p0": 0.3114024687243642,
        "ls": 0.293852004538955,
        "lmmse_pdp": 0.3041746511399371,
        "lmmse_empirical": 0.30339055717203306,
        "dt_assisted_ls": 0.30365597192313826,
        "dt_assisted_lmmse": 0.3037938309306923
      },
      "mse": {
        "ls_p0": 0.14561312406314128,
        "ls": 0.14561312406314128,
        "lmmse_pdp": 0.11139260235318392,
        "lmmse_empirical": 0.11108424100809636,
        "dt_assisted_ls": 0.06299256170444788,
        "dt_assisted_lmmse": 0.09031393502564874
      },
      "h_power": 0.20025865733623505,
      "n_frames": 4876,
      "n_bits": 44937216,
      "cfo_hz": -461.5046927844162,
      "sigma_w_sq": 0.10357426676600805,
      "ebn0_db": -3.1576231923328124,
      "snr_db": 3.8320768510273764,
      "w_mean": 0.339117728132946,
      "scale_ratio": 0.4063322381361686,
      "dt_corr": 0.6926614008659662,
      "file": "rx_16qam_25m_p3_txg23.npz",
      "tx_gain": 23
    },
    {
      "ber": {
        "ls_p0": 0.2677026510135443,
        "ls": 0.25005232895905954,
        "lmmse_pdp": 0.25894754004055315,
        "lmmse_empirical": 0.2575194177815939,
        "dt_assisted_ls": 0.26388237001771353,
        "dt_assisted_lmmse": 0.2805863210677101
      },
      "mse": {
        "ls_p0": 0.1698385165430524,
        "ls": 0.1698385165430524,
        "lmmse_pdp": 0.13434599042084508,
        "lmmse_empirical": 0.13264015483072836,
        "dt_assisted_ls": 0.08598658684603507,
        "dt_assisted_lmmse": 0.14263442275477695
      },
      "h_power": 0.31320062279701233,
      "n_frames": 4877,
      "n_bits": 44946432,
      "cfo_hz": -458.45897202679214,
      "sigma_w_sq": 0.10357426676600805,
      "ebn0_db": -1.2156701784300838,
      "snr_db": 5.774029864930103,
      "w_mean": 0.44468669199226746,
      "scale_ratio": 0.63549567214503,
      "dt_corr": 0.6856162599240525,
      "file": "rx_16qam_25m_p3_txg25.npz",
      "tx_gain": 25
    },
    {
      "ber": {
        "ls_p0": 0.22244475379046774,
        "ls": 0.2050289108599321,
        "lmmse_pdp": 0.21169796080810152,
        "lmmse_empirical": 0.209521503286401,
        "dt_assisted_ls": 0.22003381714481807,
        "dt_assisted_lmmse": 0.2601727095935001
      },
      "mse": {
        "ls_p0": 0.2093928859819967,
        "ls": 0.2093928859819967,
        "lmmse_pdp": 0.17176240788635086,
        "lmmse_empirical": 0.1674325453251999,
        "dt_assisted_ls": 0.11894945265642946,
        "dt_assisted_lmmse": 0.2300660925540734
      },