{
  "position": "p3",
  "bw": "20m",
  "modulation": "qpsk",
  "receivers": [
    "ls_p0",
    "ls",
    "lmmse_pdp",
    "lmmse_empirical",
    "dt_assisted_ls",
    "dt_assisted_lmmse"
  ],
  "P_cal": 0.4737254686653614,
  "r_hh_pdp": {
    "model": "measured_pdp",
    "n_taps": 50,
    "eff_rank": 173,
    "trace": 181.91058182583052
  },
  "r_hh_empirical": {
    "n_positions": 20,
    "eff_rank": 173,
    "trace": 200.9274742318583
  },
  "captures": [
    {
      "ber": {
        "ls_p0": 0.41468035859798663,
        "ls": 0.39826195086246685,
        "lmmse_pdp": 0.391027196820555,
        "lmmse_empirical": 0.3902873101635514,
        "dt_assisted_ls": 0.3795919395227587,
        "dt_assisted_lmmse": 0.3695739203840718
      },
      "mse": {
        "ls_p0": 0.0878179807562266,
        "ls": 0.0878179807562266,
        "lmmse_pdp": 0.06550543215849243,
        "lmmse_empirical": 0.06704634641799391,
        "dt_assisted_ls": 0.011656625283971071,
        "dt_assisted_lmmse": 0.008514399936556637
      },
      "h_power": 0.018467141315340996,
      "n_frames": 3852,
      "n_bits": 17750016,
      "cfo_hz": -482.4131494897753,
      "sigma_w_sq": 0.08173229109186154,
      "ebn0_db": -9.173968384212879,
      "snr_db": -5.194568297492502,
      "w_mean": 0.046826209743915694,
      "scale_ratio": 0.038982791800003774,
      "dt_corr": 0.5870031393064636,
      "file": "rx_qpsk_20m_p3_txg13.npz",
      "tx_gain": 13
    },
    {
      "ber": {
        "ls_p0": 0.3792990902225642,
        "ls": 0.35876108279188396,
        "lmmse_pdp": 0.35050637316192185,
        "lmmse_empirical": 0.34913727656307886,
        "dt_assisted_ls": 0.34503115560257613,
        "dt_assisted_lmmse": 0.33751754367216663
      },
      "mse": {
        "ls_p0": 0.08762996311817099,
        "ls": 0.08762996311817099,
        "lmmse_pdp": 0.06548661118862632,
        "lmmse_empirical": 0.06683294295099278,
        "dt_assisted_ls": 0.019196279203313807,
        "dt_assisted_lmmse": 0.014681369803389336
      },
      "h_power": 0.03206213191151619,
      "n_frames": 3899,
      "n_bits": 17966592,
      "cfo_hz": -497.9609237960435,
      "sigma_w_sq": 0.08173229109186154,
      "ebn0_db": -7.271432394967036,
      "snr_db": -3.2920323082466596,
      "w_mean": 0.07850544795112278,
      "scale_ratio": 0.06768082788929554,
      "dt_corr": 0.5857940957680637,
      "file": "rx_qpsk_20m_p3_txg15.npz",
      "tx_gain": 15
    },
    {
      "ber": {
        "ls_p0": 0.33162654691951565,
        "ls": 0.3075566461894587,
        "lmmse_pdp": 0.29898621127136754,
        "lmmse_empirical": 0.2966314436431624,
        "dt_assisted_ls": 0.3062651909722222,
        "dt_assisted_lmmse": 0.30598424145299147
      },
      "mse": {
        "ls_p0": 0.09007069242329617,
        "ls": 0.09007069242329617,
        "lmmse_pdp": 0.06776614109125861,
        "lmmse_empirical": 0.06893009403585498,
        "dt_assisted_ls": 0.029491454339936926,
        "dt_assisted_lmmse": 0.024528662636462757
      },
      "h_power": 0.05471179261803627,
      "n_frames": 3900,
      "n_bits": 17971200,
      "cfo_hz": -496.43200434896124,
      "sigma_w_sq": 0.08173229109186154,
      "ebn0_db": -5.103747664681652,
      "snr_db": -1.1243475779612762,
      "w_mean": 0.1267306018399069,
      "scale_ratio": 0.11549261383851109,
      "dt_corr": 0.5942475808443579,
      "file": "rx_qpsk_20m_p3_txg17.npz",
      "tx_gain": 17
    },
    {
      "ber": {
        "ls_p0": 0.27709023326210824,
        "ls": 0.2516447983440171,
        "lmmse_pdp": 0.2437005876068376,
        "lmmse_empirical": 0.2405819310897436,
        "dt_assisted_ls": 0.2699927662037037,
        "dt_assisted_lmmse": 0.27310602519586896
      },
      "mse": {
        "ls_p0": 0.09355682579824405,
        "ls": 0.09355682579824405,
        "lmmse_pdp": 0.07133075802762842,
        "lmmse_empirical": 0.07196741196324687,
        "dt_assisted_ls": 0.04264316481288195,
        "dt_assisted_lmmse": 0.040130818001328374
      },
      "h_power": 0.08801958709955215,
      "n_frames": 3900,
      "n_bits": 17971200,
      "cfo_hz": -501.2658245642588,
      "sigma_w_sq": 0.08173229109186154,
      "ebn0_db": -3.076652889495543,
      "snr_db": 0.9027471972248331,
      "w_mean": 0.18893374264067997,
      "scale_ratio": 0.18580294478895537,
      "dt_corr": 0.5892109402958496,
      "file": "rx_qpsk_20m_p3_txg19.npz",
      "tx_gain": 19
    },
    {
      "ber": {
        "ls_p0": 0.22596927305911682,
        "ls": 0.20134587562321937,
        "lmmse_pdp": 0.19516081285612535,
        "lmmse_empirical": 0.1910690994480057,
        "dt_assisted_ls": 0.23460247507122506,
        "dt_assisted_lmmse": 0.25223852608618236
      },
      "mse": {
        "ls_p0": 0.0983138409154192,
        "ls": 0.0983138409154192,
        "lmmse_pdp": 0.07584643700946099,
        "lmmse_empirical": 0.07625069372638152,
        "dt_assisted_ls": 0.05739002239680518,
        "dt_assisted_lmmse": 0.06096190009480119
      },
      "h_power": 0.13772039115428925,
      "n_frames": 3900,
      "n_bits": 17971200,
      "cfo_hz": -494.06830917367773,
      "sigma_w_sq": 0.08173229109186154,
      "ebn0_db": -1.195692727246436,
      "snr_db": 2.7837073594739397,
      "w_mean": 0.26657248534430517,
      "scale_ratio": 0.29071772632848375,
      "dt_corr": 0.589675616848912,
      "file": "rx_qpsk_20m_p3_txg21.npz",
      "tx_gain": 21
    },
    {
      "ber": {
        "ls_p0": 0.17386178997507123,
        "ls": 0.15202679843304842,
        "lmmse_pdp": 0.14771144943019943,
        "lmmse_empirical": 0.14333121883903133,
        "dt_assisted_ls": 0.19996444310897435,
        "dt_assisted_lmmse": 0.23054882256054132
      },
      "mse": {
        "ls_p0": 0.10721076540221777,
        "ls": 0.10721076540221777,
        "lmmse_pdp": 0.08470046944229213,
        "lmmse_empirical": 0.08403000145574333,
        "dt_assisted_ls": 0.07472396450190082,
        "dt_assisted_lmmse": 0.09753825723420533
      },
      "h_power": 0.21533340215682983,
      "n_frames": 3900,
      "n_bits": 17971200,
      "cfo_hz": -520.7460319582246,
      "sigma_w_sq": 0.08173229109186154,
      "ebn0_db": 0.7274518867163162,
      "snr_db": 4.706851973436692,
      "w_mean": 0.3615789619189908,
      "scale_ratio": 0.4545531460731761,
      "dt_corr": 0.579753473207745,
      "file": "rx_qpsk_20m_p3_txg23.npz",
      "tx_gain": 23
    },
    {
      "ber": {
        "ls_p0": 0.12891737606454184,
        "ls": 0.11132523222321912,
        "lmmse_pdp": 0.10955830191332706,
        "lmmse_empirical": 0.10464764643681107,
        "dt_assisted_ls": 0.1618197079096528,
        "dt_assisted_lmmse": 0.21707413652838303
      },
      "mse": {
        "ls_p0": 0.12149113661418035,
        "ls": 0.12149113661418035,
        "lmmse_pdp": 0.09831215930291826,
        "lmmse_empirical": 0.09672737900290443,
        "dt_assisted_ls": 0.09243048926525547,
        "dt_assisted_lmmse": 0.14895189104649367
      },
      "h_power": 0.34097957611083984,
      "n_frames": 3901,
      "n_bits": 17975808,
      "cfo_hz": -501.7956325516017,
      "sigma_w_sq": 0.08173229109186154,
      "ebn0_db": 2.7259881378393174,
      "snr_db": 6.7053882245596945,
      "w_mean": 0.47183116248704904,
      "scale_ratio": 0.7197830783121923,
      "dt_corr": 0.5833908655433936,
      "file": "rx_qpsk_20m_p3_txg25.npz",
      "tx_gain": 25
    },
    {
      "ber": {
        "ls_p0": 0.09066317218660969,
        "ls": 0.07740712918447293,
        "lmmse_pdp": 0.0778084379451567,
        "lmmse_empirical": 0.07264361867877493,
        "dt_assisted_ls": 0.12004050925925926,
        "dt_assisted_lmmse": 0.20774427973646722
      },
      "mse": {
        "ls_p0": 0.14365852335734397,
        "ls": 0.14365852335734397,
        "lmmse_pdp": 0.11973437425204614,
        "lmmse_empirical": 0.11613839584998294,
        "dt_assisted_ls": 0.1136285849597681,
        "dt_assisted_lmmse": 0.23884061767394094
      },