{
  "position": "p2",
  "bw": "25m",
  "modulation": "qpsk",
  "receivers": [
    "ls_p0",
    "ls",
    "lmmse_pdp",
    "lmmse_empirical",
    "dt_assisted_ls",
    "dt_assisted_lmmse"
  ],
  "P_cal": 0.49284461960196496,
  "r_hh_pdp": {
    "model": "measured_pdp",
    "n_taps": 50,
    "eff_rank": 173,
    "trace": 189.25233368884966
  },
  "r_hh_empirical": {
    "n_positions": 20,
    "eff_rank": 173,
    "trace": 210.45192562012443
  },
  "captures": [
    {
      "ber": {
        "ls_p0": 0.2954797390814025,
        "ls": 0.2683417451245073,
        "lmmse_pdp": 0.25140772019456403,
        "lmmse_empirical": 0.25391292461212495,
        "dt_assisted_ls": 0.22115014602271432,
        "dt_assisted_lmmse": 0.20723495916205317
      },
      "mse": {
        "ls_p0": 0.104447009736878,
        "ls": 0.104447009736878,
        "lmmse_pdp": 0.07545530252229345,
        "lmmse_empirical": 0.07740501609992594,
        "dt_assisted_ls": 0.011655745153341002,
        "dt_assisted_lmmse": 0.012664317730300797
      },
      "h_power": 0.08813699334859848,
      "n_frames": 4877,
      "n_bits": 22473216,
      "cfo_hz": -493.3410939880488,
      "sigma_w_sq": 0.09682446228774359,
      "ebn0_db": -3.98506031392575,
      "snr_db": -0.005660227205373569,
      "w_mean": 0.19503206823691757,
      "scale_ratio": 0.17883322622002118,
      "dt_corr": 0.9335010959661462,
      "file": "rx_qpsk_25m_p2_txg13.npz",
      "tx_gain": 13
    },
    {
      "ber": {
        "ls_p0": 0.23600062403173627,
        "ls": 0.20892470396760304,
        "lmmse_pdp": 0.19298888952965165,
        "lmmse_empirical": 0.19525136055293554,
        "dt_assisted_ls": 0.17590797863554553,
        "dt_assisted_lmmse": 0.16047987969323127
      },
      "mse": {
        "ls_p0": 0.11041150563729348,
        "ls": 0.11041150563729348,
        "lmmse_pdp": 0.08087897611078171,
        "lmmse_empirical": 0.08265984486209045,
        "dt_assisted_ls": 0.017917592537842822,
        "dt_assisted_lmmse": 0.01981596139799297
      },
      "h_power": 0.13835060596466064,
      "n_frames": 4877,
      "n_bits": 22473216,
      "cfo_hz": -487.31143308215917,
      "sigma_w_sq": 0.09682446228774359,
      "ebn0_db": -1.9814860623732855,
      "snr_db": 1.9979140243470908,
      "w_mean": 0.27520798468994984,
      "scale_ratio": 0.2807185073388778,
      "dt_corr": 0.9352352501334711,
      "file": "rx_qpsk_25m_p2_txg15.npz",
      "tx_gain": 15
    },
    {
      "ber": {
        "ls_p0": 0.17533560839712484,
        "ls": 0.15096677751862483,
        "lmmse_pdp": 0.1373050924264689,
        "lmmse_empirical": 0.13895318765235914,
        "dt_assisted_ls": 0.12923904616054951,
        "dt_assisted_lmmse": 0.11757093421787074
      },
      "mse": {
        "ls_p0": 0.11583136242051897,
        "ls": 0.11583136242051897,
        "lmmse_pdp": 0.08587022897502646,
        "lmmse_empirical": 0.0875656785585297,
        "dt_assisted_ls": 0.028793943466941273,
        "dt_assisted_lmmse": 0.030491636901396894
      },
      "h_power": 0.22664415836334229,
      "n_frames": 4877,
      "n_bits": 22473216,
      "cfo_hz": -506.19855656218067,
      "sigma_w_sq": 0.09682446228774359,
      "ebn0_db": 0.07658613643037672,
      "snr_db": 4.055986223150753,
      "w_mean": 0.3829689714882742,
      "scale_ratio": 0.45986939767423335,
      "dt_corr": 0.9324414879368929,
      "file": "rx_qpsk_25m_p2_txg17.npz",
      "tx_gain": 17
    },
    {
      "ber": {
        "ls_p0": 0.12226698690012305,
        "ls": 0.10307314097962811,
        "lmmse_pdp": 0.09263257430099808,
        "lmmse_empirical": 0.09390158927513445,
        "dt_assisted_ls": 0.09294870425439795,
        "dt_assisted_lmmse": 0.08504612301750068
      },
      "mse": {
        "ls_p0": 0.1318607158154483,
        "ls": 0.1318607158154483,
        "lmmse_pdp": 0.10063028062756929,
        "lmmse_empirical": 0.10179341995434796,
        "dt_assisted_ls": 0.044298622827329506,
        "dt_assisted_lmmse": 0.050684893026356724
      },
      "h_power": 0.35294482111930847,
      "n_frames": 4876,
      "n_bits": 22468608,
      "cfo_hz": -498.1804667630726,
      "sigma_w_sq": 0.09682446228774359,
      "ebn0_db": 2.0610883988917497,
      "snr_db": 6.0404884856121255,
      "w_mean": 0.4909351669761776,
      "scale_ratio": 0.7161381236227282,
      "dt_corr": 0.9326603204211694,
      "file": "rx_qpsk_25m_p2_txg19.npz",
      "tx_gain": 19
    },
    {
      "ber": {
        "ls_p0": 0.08344170675815787,
        "ls": 0.06970289392204448,
        "lmmse_pdp": 0.06234124517193054,
        "lmmse_empirical": 0.06313826828969556,
        "dt_assisted_ls": 0.06367479462902197,
        "dt_assisted_lmmse": 0.06194126489722906
      },
      "mse": {
        "ls_p0": 0.1432636816618762,
        "ls": 0.1432636816618762,
        "lmmse_pdp": 0.11121942772387791,
        "lmmse_empirical": 0.11221491871634909,
        "dt_assisted_ls": 0.06433296160516377,
        "dt_assisted_lmmse": 0.07144717870246758
      },
      "h_power": 0.5567942261695862,
      "n_frames": 4876,
      "n_bits": 22468608,
      "cfo_hz": -478.6024828502701,
      "sigma_w_sq": 0.09682446228774359,
      "ebn0_db": 3.974393314661391,
      "snr_db": 7.953793401381767,
      "w_mean": 0.602833042963661,
      "scale_ratio": 1.129756121958415,
      "dt_corr": 0.9315916103738856,
      "file": "rx_qpsk_25m_p2_txg21.npz",
      "tx_gain": 21
    },
    {
      "ber": {
        "ls_p0": 0.055022254046772835,
        "ls": 0.04605477916467318,
        "lmmse_pdp": 0.04132848631900303,
        "lmmse_empirical": 0.041932939193037616,
        "dt_assisted_ls": 0.04368653778791607,
        "dt_assisted_lmmse": 0.04642001394014991
      },
      "mse": {
        "ls_p0": 0.18490004763406748,
        "ls": 0.18490004763406748,
        "lmmse_pdp": 0.1493084407220188,
        "lmmse_empirical": 0.14896399467333618,
        "dt_assisted_ls": 0.10172517856281747,
        "dt_assisted_lmmse": 0.12083862285136554
      },
      "h_power": 0.8639345765113831,
      "n_frames": 4877,
      "n_bits": 22473216,
      "cfo_hz": -492.573999285216,
      "sigma_w_sq": 0.09682446228774359,
      "ebn0_db": 5.955035883424565,
      "snr_db": 9.934435970144941,
      "w_mean": 0.7015104824587892,
      "scale_ratio": 1.7529552766734486,
      "dt_corr": 0.9320366054664853,
      "file": "rx_qpsk_25m_p2_txg23.npz",
      "tx_gain": 23
    },
    {
      "ber": {
        "ls_p0": 0.03771124702401294,
        "ls": 0.032110935969288955,
        "lmmse_pdp": 0.02910958538377418,
        "lmmse_empirical": 0.029707897614653818,
        "dt_assisted_ls": 0.030359606742532977,
        "dt_assisted_lmmse": 0.03448643042455517
      },
      "mse": {
        "ls_p0": 0.21348419299509278,
        "ls": 0.21348419299509278,
        "lmmse_pdp": 0.17578060853856226,
        "lmmse_empirical": 0.17549629899551897,
        "dt_assisted_ls": 0.14133641461784519,
        "dt_assisted_lmmse": 0.1585526763598702
      },
      "h_power": 1.3802045583724976,
      "n_frames": 4877,
      "n_bits": 22473216,
      "cfo_hz": -503.96447088066213,
      "sigma_w_sq": 0.09682446228774359,
      "ebn0_db": 7.9199401804484815,
      "snr_db": 11.899340267168856,
      "w_mean": 0.7893676664003207,
      "scale_ratio": 2.800486204936536,
      "dt_corr": 0.9361641271929149,
      "file": "rx_qpsk_25m_p2_txg25.npz",
      "tx_gain": 25
    },
    {
      "ber": {
        "ls_p0": 0.02690620620556467,
        "ls": 0.02322235538578981,
        "lmmse_pdp": 0.021321169517933645,
        "lmmse_empirical": 0.021920939650556012,
        "dt_assisted_ls": 0.022232351910719168,
        "dt_assisted_lmmse": 0.028337670050587915
      },
      "mse": {
        "ls_p0": 0.30338263560571044,
        "ls": 0.30338263560571044,
        "lmmse_pdp": 0.25797949008827864,
        "lmmse_empirical": 0.25542589247631126,
        "dt_assisted_ls": 0.22717120117385922,
        "dt_assisted_lmmse": 0.26900134973863515
      },