{
  "position": "p1",
  "bw": "50m",
  "modulation": "16qam",
  "receivers": [
    "ls_p0",
    "ls",
    "lmmse_pdp",
    "lmmse_empirical",
    "dt_assisted_ls",
    "dt_assisted_lmmse"
  ],
  "P_cal": 0.43358522430062296,
  "r_hh_pdp": {
    "model": "measured_pdp",
    "n_taps": 50,
    "eff_rank": 173,
    "trace": 166.49672781034508
  },
  "r_hh_empirical": {
    "n_positions": 20,
    "eff_rank": 173,
    "trace": 183.08002844553036
  },
  "captures": [
    {
      "ber": {
        "ls_p0": 0.4051397935964717,
        "ls": 0.3926819055273041,
        "lmmse_pdp": 0.389778960184662,
        "lmmse_empirical": 0.3936574090423316,
        "dt_assisted_ls": 0.3741040206828014,
        "dt_assisted_lmmse": 0.3576562450952275
      },
      "mse": {
        "ls_p0": 0.1963290486494218,
        "ls": 0.1963290486494218,
        "lmmse_pdp": 0.10198115589843383,
        "lmmse_empirical": 0.1102182172664972,
        "dt_assisted_ls": 0.03669420383115591,
        "dt_assisted_lmmse": 0.017611042130131493
      },
      "h_power": 0.1391238421201706,
      "n_frames": 9734,
      "n_bits": 89708544,
      "cfo_hz": -558.2543339247487,
      "sigma_w_sq": 0.1944078726274929,
      "ebn0_db": -8.387888625931101,
      "snr_db": -1.3981885825709122,
      "w_mean": 0.27508464402470606,
      "scale_ratio": 0.3208685036363466,
      "dt_corr": 0.8420831453617598,
      "file": "rx_16qam_50m_p1_txg13.npz",
      "tx_gain": 13
    },
    {
      "ber": {
        "ls_p0": 0.3703407384875911,
        "ls": 0.355799118069786,
        "lmmse_pdp": 0.35436770468678847,
        "lmmse_empirical": 0.3576508179822689,
        "dt_assisted_ls": 0.3417877808728939,
        "dt_assisted_lmmse": 0.32075992438311135
      },
      "mse": {
        "ls_p0": 0.1911292972736706,
        "ls": 0.1911292972736706,
        "lmmse_pdp": 0.10124632264060952,
        "lmmse_empirical": 0.11176774900657903,
        "dt_assisted_ls": 0.05298360529187299,
        "dt_assisted_lmmse": 0.023524826327463597
      },
      "h_power": 0.2227662056684494,
      "n_frames": 9760,
      "n_bits": 89948160,
      "cfo_hz": -551.5716700970485,
      "sigma_w_sq": 0.1944078726274929,
      "ebn0_db": -6.397627867171002,
      "snr_db": 0.5920721761891861,
      "w_mean": 0.3773031913093828,
      "scale_ratio": 0.5137772073016865,
      "dt_corr": 0.8429430664551233,
      "file": "rx_16qam_50m_p1_txg15.npz",
      "tx_gain": 15
    },
    {
      "ber": {
        "ls_p0": 0.33001468846055326,
        "ls": 0.31395459340135473,
        "lmmse_pdp": 0.3139650772178108,
        "lmmse_empirical": 0.31713371346339936,
        "dt_assisted_ls": 0.3065219899995731,
        "dt_assisted_lmmse": 0.2805942333895435
      },
      "mse": {
        "ls_p0": 0.19149894067119885,
        "ls": 0.19149894067119885,
        "lmmse_pdp": 0.10436050479637883,
        "lmmse_empirical": 0.11853465485162006,
        "dt_assisted_ls": 0.07398872033623274,
        "dt_assisted_lmmse": 0.03227749895630786
      },
      "h_power": 0.3568629324436188,
      "n_frames": 9760,
      "n_bits": 89948160,
      "cfo_hz": -551.35205460085,
      "sigma_w_sq": 0.1944078726274929,
      "ebn0_db": -4.374337106808338,
      "snr_db": 2.61536293655185,
      "w_mean": 0.491760025157249,
      "scale_ratio": 0.8230514151381474,
      "dt_corr": 0.8418347154225562,
      "file": "rx_16qam_50m_p1_txg17.npz",
      "tx_gain": 17
    },
    {
      "ber": {
        "ls_p0": 0.28801428511711635,
        "ls": 0.2713043046127903,
        "lmmse_pdp": 0.2718164774020947,
        "lmmse_empirical": 0.2753635872040073,
        "dt_assisted_ls": 0.270629382524334,
        "dt_assisted_lmmse": 0.2412502490323315
      },
      "mse": {
        "ls_p0": 0.21566494490400578,
        "ls": 0.21566494490400578,
        "lmmse_pdp": 0.12141308959213766,
        "lmmse_empirical": 0.14174263432881462,
        "dt_assisted_ls": 0.10519344631379177,
        "dt_assisted_lmmse": 0.04696817965822408
      },
      "h_power": 0.5601266026496887,
      "n_frames": 9760,
      "n_bits": 89948160,
      "cfo_hz": -560.1165772525915,
      "sigma_w_sq": 0.1944078726274929,
      "ebn0_db": -2.244271138938983,
      "snr_db": 4.745428904421206,
      "w_mean": 0.602218204034202,
      "scale_ratio": 1.291848917483704,
      "dt_corr": 0.8416502026166437,
      "file": "rx_16qam_50m_p1_txg19.npz",
      "tx_gain": 19
    },
    {
      "ber": {
        "ls_p0": 0.1983550525102459,
        "ls": 0.18258734809027777,
        "lmmse_pdp": 0.18307690785447975,
        "lmmse_empirical": 0.19029762254169513,
        "dt_assisted_ls": 0.19162159626166894,
        "dt_assisted_lmmse": 0.1644047082230476
      },
      "mse": {
        "ls_p0": 0.27087485291374985,
        "ls": 0.27087485291374985,
        "lmmse_pdp": 0.1686007261731312,
        "lmmse_empirical": 0.2120572912750794,
        "dt_assisted_ls": 0.18733315277078286,
        "dt_assisted_lmmse": 0.10141594000732532
      },
      "h_power": 1.3849495649337769,
      "n_frames": 9760,
      "n_bits": 89948160,
      "cfo_hz": -575.7247674823236,
      "sigma_w_sq": 0.1944078726274929,
      "ebn0_db": 1.7519385025761345,
      "snr_db": 8.741638545936322,
      "w_mean": 0.7882709733834533,
      "scale_ratio": 3.194180722296784,
      "dt_corr": 0.8442948681344433,
      "file": "rx_16qam_50m_p1_txg23.npz",
      "tx_gain": 23
    },
    {
      "ber": {
        "ls_p0": 0.2550001076523582,
        "ls": 0.23913825970932434,
        "lmmse_pdp": 0.23927359045818478,
        "lmmse_empirical": 0.24384876466112873,
        "dt_assisted_ls": 0.24282291676870682,
        "dt_assisted_lmmse": 0.21434729916049527
      },
      "mse": {
        "ls_p0": 1.1552702770094125,
        "ls": 1.1552702770094125,
        "lmmse_pdp": 0.6000957444296097,
        "lmmse_empirical": 0.6492677395152894,
        "dt_assisted_ls": 0.6123259156051019,
        "dt_assisted_lmmse": 0.11701283332241783
      },
      "h_power": 0.8511478900909424,
      "n_frames": 8507,
      "n_bits": 78400512,
      "cfo_hz": -562.3243816112338,
      "sigma_w_sq": 0.1944078726274929,
      "ebn0_db": 2.600722680497447,
      "snr_db": 9.590422723857635,
      "w_mean": 0.696442247361755,
      "scale_ratio": 1.963046345649467,
      "dt_corr": 0.8474766366127374,
      "file": "rx_16qam_50m_p1_txg21.npz",
      "tx_gain": 21
    },
    {
      "ber": {
        "ls_p0": 0.15944980975708675,
        "ls": 0.1450257792933174,
        "lmmse_pdp": 0.1453588933892589,
        "lmmse_empirical": 0.1558649671099442,
        "dt_assisted_ls": 0.15588147661942167,
        "dt_assisted_lmmse": 0.13497958157231899
      },
      "mse": {
        "ls_p0": 0.4027430019889567,
        "ls": 0.4027430019889567,
        "lmmse_pdp": 0.2565715184667046,
        "lmmse_empirical": 0.32554634474323446,
        "dt_assisted_ls": 0.3100711125421041,
        "dt_assisted_lmmse": 0.16510634072743685
      },
      "h_power": 2.1876680850982666,
      "n_frames": 9760,
      "n_bits": 89948160,
      "cfo_hz": -574.1477410540786,
      "sigma_w_sq": 0.1944078726274929,
      "ebn0_db": 3.8981341301429637,
      "snr_db": 10.887834173503153,
      "w_mean": 0.8544224769909081,
      "scale_ratio": 5.045531910426597,
      "dt_corr": 0.8410049934206192,
      "file": "rx_16qam_50m_p1_txg25.npz",
      "tx_gain": 25
    },
    {
      "ber": {
        "ls_p0": 0.11757707995360883,
        "ls": 0.1048706388212944,
        "lmmse_pdp": 0.10615908096396857,
        "lmmse_empirical": 0.12099755014443875,
        "dt_assisted_ls": 0.11608175197802824,
        "dt_assisted_lmmse": 0.10387240828494991
      },
      "mse": {
        "ls_p0": 0.43436762660599376,
        "ls": 0.43436762660599376,
        "lmmse_pdp": 0.3047254573119438,
        "lmmse_empirical": 0.40810970631276106,
        "dt_assisted_ls": 0.36397572379743837,
        "dt_assisted_lmmse": 0.2503809760828161
      },
      "h_power": 3.4475948810577393,
      "n_frames": 9760,