{
  "position": "p5",
  "bw": "50m",
  "modulation": "qpsk",
  "receivers": [
    "ls_p0",
    "ls",
    "lmmse_pdp",
    "lmmse_empirical",
    "dt_assisted_ls",
    "dt_assisted_lmmse"
  ],
  "P_cal": 0.43358522430062296,
  "r_hh_pdp": {
    "model": "measured_pdp",
    "n_taps": 50,
    "eff_rank": 173,
    "trace": 166.49672781034508
  },
  "r_hh_empirical": {
    "n_positions": 20,
    "eff_rank": 173,
    "trace": 183.08002844553036
  },
  "captures": [
    {
      "ber": {
        "ls_p0": 0.28530956187821144,
        "ls": 0.25987213903237855,
        "lmmse_pdp": 0.22785554405360592,
        "lmmse_empirical": 0.23651570784820158,
        "dt_assisted_ls": 0.23685791932008673,
        "dt_assisted_lmmse": 0.20664462505921796
      },
      "mse": {
        "ls_p0": 0.24950413503735047,
        "ls": 0.24950413503735047,
        "lmmse_pdp": 0.12167139628696669,
        "lmmse_empirical": 0.12998549465309556,
        "dt_assisted_ls": 0.06230240862987491,
        "dt_assisted_lmmse": 0.03590987045439543
      },
      "h_power": 0.18380671739578247,
      "n_frames": 6098,
      "n_bits": 28099584,
      "cfo_hz": -453.65982368898676,
      "sigma_w_sq": 0.230953897344804,
      "ebn0_db": -4.518964875407503,
      "snr_db": -0.5395647886871271,
      "w_mean": 0.2966500768442495,
      "scale_ratio": 0.42392292701455503,
      "dt_corr": 0.7781186669961755,
      "file": "rx_qpsk_50m_p5_txg17.npz",
      "tx_gain": 17
    },
    {
      "ber": {
        "ls_p0": 0.2409975942538729,
        "ls": 0.2170674048020515,
        "lmmse_pdp": 0.18886671408999894,
        "lmmse_empirical": 0.1972786952326378,
        "dt_assisted_ls": 0.20298801984534726,
        "dt_assisted_lmmse": 0.17739499491736047
      },
      "mse": {
        "ls_p0": 0.6584337104198595,
        "ls": 0.6584337104198595,
        "lmmse_pdp": 0.31137569730333764,
        "lmmse_empirical": 0.3316234048309613,
        "dt_assisted_ls": 0.153919579174482,
        "dt_assisted_lmmse": 0.06791131054423444
      },
      "h_power": 0.2851005494594574,
      "n_frames": 6326,
      "n_bits": 29150208,
      "cfo_hz": -462.7724215523644,
      "sigma_w_sq": 0.230953897344804,
      "ebn0_db": 0.8555848207219912,
      "snr_db": 4.834984907442367,
      "w_mean": 0.3948346510153627,
      "scale_ratio": 0.6575421243178369,
      "dt_corr": 0.7790587806920499,
      "file": "rx_qpsk_50m_p5_txg19.npz",
      "tx_gain": 19
    },
    {
      "ber": {
        "ls_p0": 0.1321772706796133,
        "ls": 0.11363770609869964,
        "lmmse_pdp": 0.09479216928133041,
        "lmmse_empirical": 0.10482409109477124,
        "dt_assisted_ls": 0.11337225438956071,
        "dt_assisted_lmmse": 0.09779551429311562
      },
      "mse": {
        "ls_p0": 0.38338200641373316,
        "ls": 0.38338200641373316,
        "lmmse_pdp": 0.2275886346548906,
        "lmmse_empirical": 0.23676525074390847,
        "dt_assisted_ls": 0.18508693656093397,
        "dt_assisted_lmmse": 0.1541867202741441
      },
      "h_power": 0.6699094772338867,
      "n_frames": 9758,
      "n_bits": 44964864,
      "cfo_hz": -468.3363524218051,
      "sigma_w_sq": 0.230953897344804,
      "ebn0_db": 1.5012984900387751,
      "snr_db": 5.480698576759152,
      "w_mean": 0.6038159332295057,
      "scale_ratio": 1.545046832060426,
      "dt_corr": 0.7866486858139126,
      "file": "rx_qpsk_50m_p5_txg23.npz",
      "tx_gain": 23
    },
    {
      "ber": {
        "ls_p0": 0.18996449620212125,
        "ls": 0.167883385776095,
        "lmmse_pdp": 0.14360385258904174,
        "lmmse_empirical": 0.15254402876198417,
        "dt_assisted_ls": 0.16063776935412905,
        "dt_assisted_lmmse": 0.13893752629374895
      },
      "mse": {
        "ls_p0": 0.6109107749190315,
        "ls": 0.6109107749190315,
        "lmmse_pdp": 0.2987274852467405,
        "lmmse_empirical": 0.319093082979894,
        "dt_assisted_ls": 0.21091515791830592,
        "dt_assisted_lmmse": 0.09384585627529504
      },
      "h_power": 0.4474113881587982,
      "n_frames": 7197,
      "n_bits": 33163776,
      "cfo_hz": -471.281744573513,
      "sigma_w_sq": 0.230953897344804,
      "ebn0_db": 1.566810843341004,
      "snr_db": 5.54621093006138,
      "w_mean": 0.5051319165454066,
      "scale_ratio": 1.0318879959077871,
      "dt_corr": 0.7844907890033004,
      "file": "rx_qpsk_50m_p5_txg21.npz",
      "tx_gain": 21
    },
    {
      "ber": {
        "ls_p0": 0.0907700005906229,
        "ls": 0.07659193774834626,
        "lmmse_pdp": 0.06320727981862896,
        "lmmse_empirical": 0.07393578025554759,
        "dt_assisted_ls": 0.0776647544360761,
        "dt_assisted_lmmse": 0.07034300958659244
      },
      "mse": {
        "ls_p0": 0.43706670166803685,
        "ls": 0.43706670166803685,
        "lmmse_pdp": 0.28986853713735466,
        "lmmse_empirical": 0.29676851328031767,
        "dt_assisted_ls": 0.2519516863692619,
        "dt_assisted_lmmse": 0.2458949226744172
      },
      "h_power": 1.0427908897399902,
      "n_frames": 9759,
      "n_bits": 44969472,
      "cfo_hz": -465.6490613697848,
      "sigma_w_sq": 0.230953897344804,
      "ebn0_db": 3.347384034228198,
      "snr_db": 7.326784120948574,
      "w_mean": 0.7028768788472998,
      "scale_ratio": 2.4050424952142264,
      "dt_corr": 0.7899386883549014,
      "file": "rx_qpsk_50m_p5_txg25.npz",
      "tx_gain": 25
    },
    {
      "ber": {
        "ls_p0": 0.06954948201333379,
        "ls": 0.05928164266214616,
        "lmmse_pdp": 0.05015258135774635,
        "lmmse_empirical": 0.06235421950792512,
        "dt_assisted_ls": 0.0609869741849992,
        "dt_assisted_lmmse": 0.0586762143881943
      },
      "mse": {
        "ls_p0": 1.0358385188138561,
        "ls": 1.0358385188138561,
        "lmmse_pdp": 0.6117480053488177,
        "lmmse_empirical": 0.6316032091434808,
        "dt_assisted_ls": 0.6817195038812119,
        "dt_assisted_lmmse": 0.40058115603003613
      },
      "h_power": 1.6563619375228882,
      "n_frames": 9758,
      "n_bits": 44964864,
      "cfo_hz": -476.8263292509744,
      "sigma_w_sq": 0.230953897344804,
      "ebn0_db": 6.300554425767962,
      "snr_db": 10.279954512488338,
      "w_mean": 0.7893815559957963,
      "scale_ratio": 3.8201530972246935,
      "dt_corr": 0.7869082098281446,
      "file": "rx_qpsk_50m_p5_txg27.npz",
      "tx_gain": 27
    },
    {
      "ber": {
        "ls_p0": 0.0404020938282673,
        "ls": 0.03326513849755237,
        "lmmse_pdp": 0.02795805939776867,
        "lmmse_empirical": 0.04160816630379098,
        "dt_assisted_ls": 0.03516965772284836,
        "dt_assisted_lmmse": 0.03771078808060109
      },
      "mse": {
        "ls_p0": 0.7879068906191623,
        "ls": 0.7879068906191623,
        "lmmse_pdp": 0.5733706552574354,
        "lmmse_empirical": 0.5896468045679014,
        "dt_assisted_ls": 0.5924256326809515,
        "dt_assisted_lmmse": 0.5545676068724285
      },
      "h_power": 2.5788204669952393,
      "n_frames": 9760,
      "n_bits": 44974080,
      "cfo_hz": -480.5964450604695,
      "sigma_w_sq": 0.230953897344804,
      "ebn0_db": 7.351546928808591,
      "snr_db": 11.330947015528967,
      "w_mean": 0.8534577798236725,
      "scale_ratio": 5.947666854088261,
      "dt_corr": 0.7850494154129675,
      "file": "rx_qpsk_50m_p5_txg29.npz",
      "tx_gain": 29
    },
    {
      "ber": {
        "ls_p0": 0.025771533292065118,
        "ls": 0.02101806195924408,
        "lmmse_pdp": 0.01826632140112705,
        "lmmse_empirical": 0.032778724990038706,
        "dt_assisted_ls": 0.022472788770776412,
        "dt_assisted_lmmse": 0.027596006410803734
      },
      "mse": {
        "ls_p0": 1.0248390349818886,
        "ls": 1.0248390349818886,
        "lmmse_pdp": 0.8007665163060893,
        "lmmse_empirical": 0.8236985007705783,
        "dt_assisted_ls": 0.8430869196285009,
        "dt_assisted_lmmse": 0.8361171467605786
      },
      "h_power": 4.095621109008789,
      "n_frames": 9760,