{
  "position": "p1",
  "bw": "50m",
  "modulation": "qpsk",
  "receivers": [
    "ls_p0",
    "ls",
    "lmmse_pdp",
    "lmmse_empirical",
    "dt_assisted_ls",
    "dt_assisted_lmmse"
  ],
  "P_cal": 0.43358522430062296,
  "r_hh_pdp": {
    "model": "measured_pdp",
    "n_taps": 50,
    "eff_rank": 173,
    "trace": 166.49672781034508
  },
  "r_hh_empirical": {
    "n_positions": 20,
    "eff_rank": 173,
    "trace": 183.08002844553036
  },
  "captures": [
    {
      "ber": {
        "ls_p0": 0.27455720384851406,
        "ls": 0.25083095686659096,
        "lmmse_pdp": 0.22564583082424325,
        "lmmse_empirical": 0.2314043717668582,
        "dt_assisted_ls": 0.21592702723724808,
        "dt_assisted_lmmse": 0.19393691376902608
      },
      "mse": {
        "ls_p0": 0.18424844208143076,
        "ls": 0.18424844208143076,
        "lmmse_pdp": 0.10434643739729789,
        "lmmse_empirical": 0.11353394530690218,
        "dt_assisted_ls": 0.05489670656991301,
        "dt_assisted_lmmse": 0.022577560087611696
      },
      "h_power": 0.2261151522397995,
      "n_frames": 9687,
      "n_bits": 44637696,
      "cfo_hz": -616.6962681568118,
      "sigma_w_sq": 0.16911973483758516,
      "ebn0_db": -2.4164234268350864,
      "snr_db": 1.5629766598852899,
      "w_mean": 0.41392838182154607,
      "scale_ratio": 0.5215010557717352,
      "dt_corr": 0.8412859955338773,
      "file": "rx_qpsk_50m_p1_txg13.npz",
      "tx_gain": 13
    },
    {
      "ber": {
        "ls_p0": 0.2251286074112022,
        "ls": 0.20170089082422588,
        "lmmse_pdp": 0.17834085766734972,
        "lmmse_empirical": 0.18387384466786202,
        "dt_assisted_ls": 0.17774149020947178,
        "dt_assisted_lmmse": 0.15491323002049182
      },
      "mse": {
        "ls_p0": 0.20196519843863706,
        "ls": 0.20196519843863706,
        "lmmse_pdp": 0.11704822673604347,
        "lmmse_empirical": 0.12957793828129316,
        "dt_assisted_ls": 0.08029292727324508,
        "dt_assisted_lmmse": 0.03308451550810661
      },
      "h_power": 0.35679665207862854,
      "n_frames": 9760,
      "n_bits": 44974080,
      "cfo_hz": -611.7342899336626,
      "sigma_w_sq": 0.16911973483758516,
      "ebn0_db": -0.3429206093014925,
      "snr_db": 3.6364794774188836,
      "w_mean": 0.5262834642265143,
      "scale_ratio": 0.8228985493086045,
      "dt_corr": 0.8410265736418123,
      "file": "rx_qpsk_50m_p1_txg15.npz",
      "tx_gain": 15
    },
    {
      "ber": {
        "ls_p0": 0.17287764418971996,
        "ls": 0.1515498705031876,
        "lmmse_pdp": 0.13136773448172814,
        "lmmse_empirical": 0.1370760224556011,
        "dt_assisted_ls": 0.13656470571493626,
        "dt_assisted_lmmse": 0.11651071016905738
      },
      "mse": {
        "ls_p0": 0.2162531002153883,
        "ls": 0.2162531002153883,
        "lmmse_pdp": 0.12962028284540542,
        "lmmse_empirical": 0.14695323430368634,
        "dt_assisted_ls": 0.11117462141614544,
        "dt_assisted_lmmse": 0.048170838122606655
      },
      "h_power": 0.570686399936676,
      "n_frames": 9760,
      "n_bits": 44974080,
      "cfo_hz": -622.4258467394175,
      "sigma_w_sq": 0.16911973483758516,
      "ebn0_db": 1.6546466127149395,
      "snr_db": 5.6340466994353156,
      "w_mean": 0.639151291179435,
      "scale_ratio": 1.316203523441553,
      "dt_corr": 0.8410930653988558,
      "file": "rx_qpsk_50m_p1_txg17.npz",
      "tx_gain": 17
    },
    {
      "ber": {
        "ls_p0": 0.1280865383520625,
        "ls": 0.11003978432301807,
        "lmmse_pdp": 0.09406183377025196,
        "lmmse_empirical": 0.0997961461499926,
        "dt_assisted_ls": 0.10177680093731142,
        "dt_assisted_lmmse": 0.08570427511357039
      },
      "mse": {
        "ls_p0": 0.2713975451847128,
        "ls": 0.2713975451847128,
        "lmmse_pdp": 0.1669896323243525,
        "lmmse_empirical": 0.19303276270730907,
        "dt_assisted_ls": 0.16790938825492613,
        "dt_assisted_lmmse": 0.07278644652698862
      },
      "h_power": 0.9146575927734375,
      "n_frames": 9759,
      "n_bits": 44969472,
      "cfo_hz": -638.1304505009937,
      "sigma_w_sq": 0.16911973483758516,
      "ebn0_db": 3.815047061365389,
      "snr_db": 7.794447148085766,
      "w_mean": 0.7389426932141451,
      "scale_ratio": 2.1095220535911685,
      "dt_corr": 0.8422592119206483,
      "file": "rx_qpsk_50m_p1_txg19.npz",
      "tx_gain": 19
    },
    {
      "ber": {
        "ls_p0": 0.09201428911942168,
        "ls": 0.07779200819672132,
        "lmmse_pdp": 0.06614950211321721,
        "lmmse_empirical": 0.07230991717896175,
        "dt_assisted_ls": 0.07437995396459472,
        "dt_assisted_lmmse": 0.0630156081013775
      },
      "mse": {
        "ls_p0": 0.37138977888369673,
        "ls": 0.37138977888369673,
        "lmmse_pdp": 0.23423849839546612,
        "lmmse_empirical": 0.2735068840669928,
        "dt_assisted_ls": 0.2634996736743931,
        "dt_assisted_lmmse": 0.11612453450358531
      },
      "h_power": 1.4207168817520142,
      "n_frames": 9760,
      "n_bits": 44974080,
      "cfo_hz": -644.3683630565891,
      "sigma_w_sq": 0.16911973483758516,
      "ebn0_db": 5.845751604220864,
      "snr_db": 9.82515169094124,
      "w_mean": 0.8143614623363419,
      "scale_ratio": 3.2766727326643657,
      "dt_corr": 0.8401501822849562,
      "file": "rx_qpsk_50m_p1_txg21.npz",
      "tx_gain": 21
    },
    {
      "ber": {
        "ls_p0": 0.06355000120970955,
        "ls": 0.052946963664594504,
        "lmmse_pdp": 0.04485313948093498,
        "lmmse_empirical": 0.051282234312201844,
        "dt_assisted_ls": 0.05142141762304881,
        "dt_assisted_lmmse": 0.04438757920039622
      },
      "mse": {
        "ls_p0": 0.3838997859290502,
        "ls": 0.3838997859290502,
        "lmmse_pdp": 0.2611251999319111,
        "lmmse_empirical": 0.3182451783326003,
        "dt_assisted_ls": 0.30483658198875363,
        "dt_assisted_lmmse": 0.1727399386031956
      },
      "h_power": 2.2529685497283936,
      "n_frames": 9759,
      "n_bits": 44969472,
      "cfo_hz": -647.4312346368166,
      "sigma_w_sq": 0.16911973483758516,
      "ebn0_db": 7.66677353996654,
      "snr_db": 11.646173626686917,
      "w_mean": 0.8741192824326168,
      "scale_ratio": 5.196137745151378,
      "dt_corr": 0.8424878902599928,
      "file": "rx_qpsk_50m_p1_txg23.npz",
      "tx_gain": 23
    },
    {
      "ber": {
        "ls_p0": 0.03521855255293716,
        "ls": 0.028339790385928963,
        "lmmse_pdp": 0.023924380443135246,
        "lmmse_empirical": 0.03097566420480419,
        "dt_assisted_ls": 0.02787534508765938,
        "dt_assisted_lmmse": 0.02626897537426002
      },
      "mse": {
        "ls_p0": 0.4324239386487726,
        "ls": 0.4324239386487726,
        "lmmse_pdp": 0.3172556156534552,
        "lmmse_empirical": 0.4033986989110633,
        "dt_assisted_ls": 0.3709925881336367,
        "dt_assisted_lmmse": 0.25881688011273474
      },
      "h_power": 3.5797908306121826,
      "n_frames": 9760,
      "n_bits": 44974080,
      "cfo_hz": -662.5417345533032,
      "sigma_w_sq": 0.16911973483758516,
      "ebn0_db": 9.589434835576347,
      "snr_db": 13.568834922296723,
      "w_mean": 0.9167990426911613,
      "scale_ratio": 8.2562565096318,
      "dt_corr": 0.8427855582744918,
      "file": "rx_qpsk_50m_p1_txg25.npz",
      "tx_gain": 25
    },
    {
      "ber": {
        "ls_p0": 0.022894509412963532,
        "ls": 0.01835916596930469,
        "lmmse_pdp": 0.015806523145301773,
        "lmmse_empirical": 0.02351292894877663,
        "dt_assisted_ls": 0.01815847426449659,
        "dt_assisted_lmmse": 0.01844546896169917
      },
      "mse": {
        "ls_p0": 0.586146556082289,
        "ls": 0.586146556082289,
        "lmmse_pdp": 0.4429242631279681,
        "lmmse_empirical": 0.5792363954581079,
        "dt_assisted_ls": 0.5294626128292045,
        "dt_assisted_lmmse": 0.3865811117620819
      },
      "h_power": 5.652778625488281,