{
  "position": "p5",
  "bw": "20m",
  "modulation": "16qam",
  "receivers": [
    "ls_p0",
    "ls",
    "lmmse_pdp",
    "lmmse_empirical",
    "dt_assisted_ls",
    "dt_assisted_lmmse"
  ],
  "P_cal": 0.4737254686653614,
  "r_hh_pdp": {
    "model": "measured_pdp",
    "n_taps": 50,
    "eff_rank": 173,
    "trace": 181.91058182583052
  },
  "r_hh_empirical": {
    "n_positions": 20,
    "eff_rank": 173,
    "trace": 200.9274742318583
  },
  "captures": [
    {
      "ber": {
        "ls_p0": 0.4211839498753561,
        "ls": 0.40870974114138175,
        "lmmse_pdp": 0.41316013955662395,
        "lmmse_empirical": 0.4149211794426638,
        "dt_assisted_ls": 0.3915379607371795,
        "dt_assisted_lmmse": 0.3722720241274929
      },
      "mse": {
        "ls_p0": 0.08424576475707614,
        "ls": 0.08424576475707614,
        "lmmse_pdp": 0.06289148899419027,
        "lmmse_empirical": 0.06443885204932145,
        "dt_assisted_ls": 0.016691798089001328,
        "dt_assisted_lmmse": 0.007911164162895725
      },
      "h_power": 0.04734091833233833,
      "n_frames": 3900,
      "n_bits": 35942400,
      "cfo_hz": -425.4574945370728,
      "sigma_w_sq": 0.0804142281901378,
      "ebn0_db": -8.828999235866725,
      "snr_db": -1.8392991925065372,
      "w_mean": 0.11323283882248121,
      "scale_ratio": 0.09993323446533935,
      "dt_corr": 0.7748215384941151,
      "file": "rx_16qam_20m_p5_txg13.npz",
      "tx_gain": 13
    },
    {
      "ber": {
        "ls_p0": 0.3900838842147436,
        "ls": 0.37528734864672364,
        "lmmse_pdp": 0.38196149951032765,
        "lmmse_empirical": 0.3838915876513533,
        "dt_assisted_ls": 0.3613457086894587,
        "dt_assisted_lmmse": 0.3380480157140313
      },
      "mse": {
        "ls_p0": 0.0863924746416797,
        "ls": 0.0863924746416797,
        "lmmse_pdp": 0.06484040447225527,
        "lmmse_empirical": 0.06641918425498658,
        "dt_assisted_ls": 0.023133402743141074,
        "dt_assisted_lmmse": 0.010572855255308022
      },
      "h_power": 0.07430011034011841,
      "n_frames": 3900,
      "n_bits": 35942400,
      "cfo_hz": -436.6040763406662,
      "sigma_w_sq": 0.0804142281901378,
      "ebn0_db": -6.91799302581252,
      "snr_db": 0.07170701754766791,
      "w_mean": 0.16668058911861375,
      "scale_ratio": 0.1568421274656099,
      "dt_corr": 0.7833388268846916,
      "file": "rx_16qam_20m_p5_txg15.npz",
      "tx_gain": 15
    },
    {
      "ber": {
        "ls_p0": 0.34958881432514244,
        "ls": 0.3330208611556268,
        "lmmse_pdp": 0.34184308782941597,
        "lmmse_empirical": 0.3434231993411681,
        "dt_assisted_ls": 0.32838563924501424,
        "dt_assisted_lmmse": 0.29925425124643873
      },
      "mse": {
        "ls_p0": 0.09136580354363161,
        "ls": 0.09136580354363161,
        "lmmse_pdp": 0.06935485199898449,
        "lmmse_empirical": 0.07094685658088222,
        "dt_assisted_ls": 0.03417054228565593,
        "dt_assisted_lmmse": 0.016880117321264893
      },
      "h_power": 0.11919650435447693,
      "n_frames": 3900,
      "n_bits": 35942400,
      "cfo_hz": -430.82244146718,
      "sigma_w_sq": 0.0804142281901378,
      "ebn0_db": -4.833627167881606,
      "snr_db": 2.156072875478582,
      "w_mean": 0.24242884168774315,
      "scale_ratio": 0.2516151489390938,
      "dt_corr": 0.7707222167776417,
      "file": "rx_16qam_20m_p5_txg17.npz",
      "tx_gain": 17
    },
    {
      "ber": {
        "ls_p0": 0.3062860855146011,
        "ls": 0.28899511440527065,
        "lmmse_pdp": 0.2987881443643162,
        "lmmse_empirical": 0.2999201778400997,
        "dt_assisted_ls": 0.29027833422364674,
        "dt_assisted_lmmse": 0.25889932224893164
      },
      "mse": {
        "ls_p0": 0.09351260277417425,
        "ls": 0.09351260277417425,
        "lmmse_pdp": 0.07151224674733904,
        "lmmse_empirical": 0.07323211896674955,
        "dt_assisted_ls": 0.04516397955608466,
        "dt_assisted_lmmse": 0.021954059022509492
      },
      "h_power": 0.19127745926380157,
      "n_frames": 3900,
      "n_bits": 35942400,
      "cfo_hz": -433.30689677050617,
      "sigma_w_sq": 0.0804142281901378,
      "ebn0_db": -2.8910143078218367,
      "snr_db": 4.098685735538352,
      "w_mean": 0.33851928270887094,
      "scale_ratio": 0.4037728007377191,
      "dt_corr": 0.7734940444057976,
      "file": "rx_16qam_20m_p5_txg19.npz",
      "tx_gain": 19
    },
    {
      "ber": {
        "ls_p0": 0.25952880163817665,
        "ls": 0.24204446558938747,
        "lmmse_pdp": 0.25109578102742164,
        "lmmse_empirical": 0.25177639779202277,
        "dt_assisted_ls": 0.2516149728454416,
        "dt_assisted_lmmse": 0.22096109330484331
      },
      "mse": {
        "ls_p0": 0.1051273916832892,
        "ls": 0.1051273916832892,
        "lmmse_pdp": 0.08215447235786132,
        "lmmse_empirical": 0.08388117057211698,
        "dt_assisted_ls": 0.05886656247297422,
        "dt_assisted_lmmse": 0.03578619645733394
      },
      "h_power": 0.30110347270965576,
      "n_frames": 3900,
      "n_bits": 35942400,
      "cfo_hz": -436.531261527266,
      "sigma_w_sq": 0.0804142281901378,
      "ebn0_db": -0.8760618639347246,
      "snr_db": 6.113638179425464,
      "w_mean": 0.44522961114622744,
      "scale_ratio": 0.6356075250882375,
      "dt_corr": 0.7710844868808517,
      "file": "rx_16qam_20m_p5_txg21.npz",
      "tx_gain": 21
    },
    {
      "ber": {
        "ls_p0": 0.2161831334647099,
        "ls": 0.19944302364600244,
        "lmmse_pdp": 0.20641086064114614,
        "lmmse_empirical": 0.20713753173153607,
        "dt_assisted_ls": 0.21261489330549146,
        "dt_assisted_lmmse": 0.18423074501018258
      },
      "mse": {
        "ls_p0": 0.1208756731991592,
        "ls": 0.1208756731991592,
        "lmmse_pdp": 0.09642692240676834,
        "lmmse_empirical": 0.09843963856160234,
        "dt_assisted_ls": 0.07329667606436575,
        "dt_assisted_lmmse": 0.048116275718860506
      },
      "h_power": 0.464963436126709,
      "n_frames": 3901,
      "n_bits": 35951616,
      "cfo_hz": -436.0566297101389,
      "sigma_w_sq": 0.0804142281901378,
      "ebn0_db": 1.0241108459579276,
      "snr_db": 8.013810889318115,
      "w_mean": 0.5524947410465451,
      "scale_ratio": 0.9815039867640262,
      "dt_corr": 0.777941633021947,
      "file": "rx_16qam_20m_p5_txg23.npz",
      "tx_gain": 23
    },
    {
      "ber": {
        "ls_p0": 0.16830609530804844,
        "ls": 0.1526945334757835,
        "lmmse_pdp": 0.15684478498931623,
        "lmmse_empirical": 0.1577097800925926,
        "dt_assisted_ls": 0.16499638310185186,
        "dt_assisted_lmmse": 0.14406358506944444
      },
      "mse": {
        "ls_p0": 0.14178705544504022,
        "ls": 0.14178705544504022,
        "lmmse_pdp": 0.11570625304322191,
        "lmmse_empirical": 0.1175574069664131,
        "dt_assisted_ls": 0.09229726971555764,
        "dt_assisted_lmmse": 0.069136370957697
      },
      "h_power": 0.7368364334106445,
      "n_frames": 3900,
      "n_bits": 35942400,
      "cfo_hz": -435.5644092545305,
      "sigma_w_sq": 0.0804142281901378,
      "ebn0_db": 3.008708744600595,
      "snr_db": 9.998408787960782,
      "w_mean": 0.6609123623288429,
      "scale_ratio": 1.5554081047965442,
      "dt_corr": 0.7910449514803302,
      "file": "rx_16qam_20m_p5_txg25.npz",
      "tx_gain": 25
    },
    {
      "ber": {
        "ls_p0": 0.1285402302917343,
        "ls": 0.1147213243488137,
        "lmmse_pdp": 0.11718496882031673,
        "lmmse_empirical": 0.11877101713591956,
        "dt_assisted_ls": 0.1260970577789883,
        "dt_assisted_lmmse": 0.11527111882814947
      },
      "mse": {
        "ls_p0": 0.17473604701043158,
        "ls": 0.17473604701043158,
        "lmmse_pdp": 0.14599578075454434,
        "lmmse_empirical": 0.14816986564937973,
        "dt_assisted_ls": 0.12388536997298245,
        "dt_assisted_lmmse": 0.10393953437650617
      },
      "h_power": 1.166852355003357,