{
  "position": "p1",
  "bw": "20m",
  "modulation": "16qam",
  "receivers": [
    "ls_p0",
    "ls",
    "lmmse_pdp",
    "lmmse_empirical",
    "dt_assisted_ls",
    "dt_assisted_lmmse"
  ],
  "P_cal": 0.4737254686653614,
  "r_hh_pdp": {
    "model": "measured_pdp",
    "n_taps": 50,
    "eff_rank": 173,
    "trace": 181.91058182583052
  },
  "r_hh_empirical": {
    "n_positions": 20,
    "eff_rank": 173,
    "trace": 200.9274742318583
  },
  "captures": [
    {
      "ber": {
        "ls_p0": 0.308281274477342,
        "ls": 0.2909051709942607,
        "lmmse_pdp": 0.3029129761510581,
        "lmmse_empirical": 0.30473511955623916,
        "dt_assisted_ls": 0.2940305103392293,
        "dt_assisted_lmmse": 0.25438439262368623
      },
      "mse": {
        "ls_p0": 0.09342218613457705,
        "ls": 0.09342218613457705,
        "lmmse_pdp": 0.07525340423652584,
        "lmmse_empirical": 0.07614757086599275,
        "dt_assisted_ls": 0.02524714212963394,
        "dt_assisted_lmmse": 0.017685158063443757
      },
      "h_power": 0.13987623155117035,
      "n_frames": 3901,
      "n_bits": 35951616,
      "cfo_hz": -491.43622229211894,
      "sigma_w_sq": 0.07003707293263739,
      "ebn0_db": -3.2885443520844393,
      "snr_db": 3.7011556912757486,
      "w_mean": 0.30082898974688954,
      "scale_ratio": 0.29526854856515766,
      "dt_corr": 0.8932312424387536,
      "file": "rx_16qam_20m_p1_txg13.npz",
      "tx_gain": 13
    },
    {
      "ber": {
        "ls_p0": 0.2620248508725071,
        "ls": 0.244435708244302,
        "lmmse_pdp": 0.2553400162482194,
        "lmmse_empirical": 0.25674654447115386,
        "dt_assisted_ls": 0.2501770610754986,
        "dt_assisted_lmmse": 0.2100322460381054
      },
      "mse": {
        "ls_p0": 0.10681362443889586,
        "ls": 0.10681362443889586,
        "lmmse_pdp": 0.08783785044341394,
        "lmmse_empirical": 0.08819830223412405,
        "dt_assisted_ls": 0.03535039871725768,
        "dt_assisted_lmmse": 0.029493342355146012
      },
      "h_power": 0.2214059829711914,
      "n_frames": 3900,
      "n_bits": 35942400,
      "cfo_hz": -502.19108978440704,
      "sigma_w_sq": 0.07003707293263739,
      "ebn0_db": -1.284332744805988,
      "snr_db": 5.705367298554201,
      "w_mean": 0.4042469444582302,
      "scale_ratio": 0.4673719223814671,
      "dt_corr": 0.9004757629291255,
      "file": "rx_16qam_20m_p1_txg15.npz",
      "tx_gain": 15
    },
    {
      "ber": {
        "ls_p0": 0.21338970129985754,
        "ls": 0.1964167111823362,
        "lmmse_pdp": 0.20439672921118235,
        "lmmse_empirical": 0.20563078703703705,
        "dt_assisted_ls": 0.20531934428418802,
        "dt_assisted_lmmse": 0.16635508480235042
      },
      "mse": {
        "ls_p0": 0.1263612392924216,
        "ls": 0.1263612392924216,
        "lmmse_pdp": 0.10629476676410686,
        "lmmse_empirical": 0.10620822565719691,
        "dt_assisted_ls": 0.05380678173182748,
        "dt_assisted_lmmse": 0.047227888646103104
      },
      "h_power": 0.3620697557926178,
      "n_frames": 3900,
      "n_bits": 35942400,
      "cfo_hz": -502.69180859208865,
      "sigma_w_sq": 0.07003707293263739,
      "ebn0_db": 0.8030112165638583,
      "snr_db": 7.7927112599240465,
      "w_mean": 0.5249219748915128,
      "scale_ratio": 0.7643029132731368,
      "dt_corr": 0.8928859858175755,
      "file": "rx_16qam_20m_p1_txg17.npz",
      "tx_gain": 17
    },
    {
      "ber": {
        "ls_p0": 0.16918800636574075,
        "ls": 0.15370442708333334,
        "lmmse_pdp": 0.15850190860933047,
        "lmmse_empirical": 0.15989143741096867,
        "dt_assisted_ls": 0.1619942463497151,
        "dt_assisted_lmmse": 0.1272123731303419
      },
      "mse": {
        "ls_p0": 0.1480577931031245,
        "ls": 0.1480577931031245,
        "lmmse_pdp": 0.12735544173835334,
        "lmmse_empirical": 0.12670692252134785,
        "dt_assisted_ls": 0.07778325732275199,
        "dt_assisted_lmmse": 0.06912409124147305
      },
      "h_power": 0.5847959518432617,
      "n_frames": 3900,
      "n_bits": 35942400,
      "cfo_hz": -496.7722872512694,
      "sigma_w_sq": 0.07003707293263739,
      "ebn0_db": 2.796309840205318,
      "snr_db": 9.786009883565507,
      "w_mean": 0.6399527145759877,
      "scale_ratio": 1.234461709417528,
      "dt_corr": 0.8872364043245803,
      "file": "rx_16qam_20m_p1_txg19.npz",
      "tx_gain": 19
    },
    {
      "ber": {
        "ls_p0": 0.13112748534029736,
        "ls": 0.11751980773270386,
        "lmmse_pdp": 0.11988726737624256,
        "lmmse_empirical": 0.12180821023455524,
        "dt_assisted_ls": 0.12394730740337236,
        "dt_assisted_lmmse": 0.09795498483294882
      },
      "mse": {
        "ls_p0": 0.20228025779623485,
        "ls": 0.20228025779623485,
        "lmmse_pdp": 0.17838091422503172,
        "lmmse_empirical": 0.17556252682697204,
        "dt_assisted_ls": 0.1199604957966018,
        "dt_assisted_lmmse": 0.1180503546307382
      },
      "h_power": 0.8938166499137878,
      "n_frames": 3901,
      "n_bits": 35951616,
      "cfo_hz": -497.76918481008386,
      "sigma_w_sq": 0.07003707293263739,
      "ebn0_db": 4.696113804588066,
      "snr_db": 11.685813847948253,
      "w_mean": 0.7303192843502989,
      "scale_ratio": 1.8867819212506345,
      "dt_corr": 0.895314854442196,
      "file": "rx_16qam_20m_p1_txg21.npz",
      "tx_gain": 21
    },
    {
      "ber": {
        "ls_p0": 0.09707139756944444,
        "ls": 0.08579162771545584,
        "lmmse_pdp": 0.08664460358796296,
        "lmmse_empirical": 0.08940151464565527,
        "dt_assisted_ls": 0.09032412971866097,
        "dt_assisted_lmmse": 0.07013023615562677
      },
      "mse": {
        "ls_p0": 0.25450301635548345,
        "ls": 0.25450301635548345,
        "lmmse_pdp": 0.22974154390782564,
        "lmmse_empirical": 0.2260231051388033,
        "dt_assisted_ls": 0.17470754282583137,
        "dt_assisted_lmmse": 0.173347290853328
      },
      "h_power": 1.4339629411697388,
      "n_frames": 3900,
      "n_bits": 35942400,
      "cfo_hz": -503.90042021598873,
      "sigma_w_sq": 0.07003707293263739,
      "ebn0_db": 6.679445268780391,
      "snr_db": 13.669145312140579,
      "w_mean": 0.8124616870518807,
      "scale_ratio": 3.02699144550889,
      "dt_corr": 0.8924415994268644,
      "file": "rx_16qam_20m_p1_txg23.npz",
      "tx_gain": 23
    },
    {
      "ber": {
        "ls_p0": 0.06982279981303419,
        "ls": 0.06121883903133903,
        "lmmse_pdp": 0.061413539440883194,
        "lmmse_empirical": 0.065496989627849,
        "dt_assisted_ls": 0.06453013710826211,
        "dt_assisted_lmmse": 0.05262684183582621
      },
      "mse": {
        "ls_p0": 0.3683124898932087,
        "ls": 0.3683124898932087,
        "lmmse_pdp": 0.33713567030463765,
        "lmmse_empirical": 0.3317187655716927,
        "dt_assisted_ls": 0.28208773192323394,
        "dt_assisted_lmmse": 0.27746648480070124
      },
      "h_power": 2.2626895904541016,
      "n_frames": 3900,
      "n_bits": 35942400,
      "cfo_hz": -497.0409673836109,
      "sigma_w_sq": 0.07003707293263739,
      "ebn0_db": 8.671502323879935,
      "snr_db": 15.661202367240122,
      "w_mean": 0.8721530009970414,
      "scale_ratio": 4.776373110841672,
      "dt_corr": 0.8966004189385811,
      "file": "rx_16qam_20m_p1_txg25.npz",
      "tx_gain": 25
    },
    {
      "ber": {
        "ls_p0": 0.04941912615740741,
        "ls": 0.04324661124465812,
        "lmmse_pdp": 0.04330448161502849,
        "lmmse_empirical": 0.048564453125,
        "dt_assisted_ls": 0.04557177595263533,
        "dt_assisted_lmmse": 0.037508680555555556
      },
      "mse": {
        "ls_p0": 0.528879072286165,
        "ls": 0.528879072286165,
        "lmmse_pdp": 0.4906082339857329,
        "lmmse_empirical": 0.47782954149511325,
        "dt_assisted_ls": 0.44285732728111055,
        "dt_assisted_lmmse": 0.43903927389033987
      },
      "h_power": 3.6044530868530273,