{
  "position": "p2",
  "bw": "20m",
  "modulation": "qpsk",
  "receivers": [
    "ls_p0",
    "ls",
    "lmmse_pdp",
    "lmmse_empirical",
    "dt_assisted_ls",
    "dt_assisted_lmmse"
  ],
  "P_cal": 0.4737254686653614,
  "r_hh_pdp": {
    "model": "measured_pdp",
    "n_taps": 50,
    "eff_rank": 173,
    "trace": 181.91058182583052
  },
  "r_hh_empirical": {
    "n_positions": 20,
    "eff_rank": 173,
    "trace": 200.9274742318583
  },
  "captures": [
    {
      "ber": {
        "ls_p0": 0.26039207175925927,
        "ls": 0.23257634437321936,
        "lmmse_pdp": 0.21827334846866098,
        "lmmse_empirical": 0.2199897057514245,
        "dt_assisted_ls": 0.19454599581552706,
        "dt_assisted_lmmse": 0.1757010661502849
      },
      "mse": {
        "ls_p0": 0.08281890563055883,
        "ls": 0.08281890563055883,
        "lmmse_pdp": 0.06334464524852305,
        "lmmse_empirical": 0.0647491504535398,
        "dt_assisted_ls": 0.010689077098615048,
        "dt_assisted_lmmse": 0.011184296682620807
      },
      "h_power": 0.09047353267669678,
      "n_frames": 3900,
      "n_bits": 17971200,
      "cfo_hz": -491.2117789296682,
      "sigma_w_sq": 0.0754860834374404,
      "ebn0_db": -2.8401135081423905,
      "snr_db": 1.1392865785779855,
      "w_mean": 0.20577841661464125,
      "scale_ratio": 0.19098304537349473,
      "dt_corr": 0.9361841000622375,
      "file": "rx_qpsk_20m_p2_txg13.npz",
      "tx_gain": 13
    },
    {
      "ber": {
        "ls_p0": 0.2014495815709647,
        "ls": 0.17527790684012645,
        "lmmse_pdp": 0.16241144765231139,
        "lmmse_empirical": 0.16383958929690393,
        "dt_assisted_ls": 0.15271419231892108,
        "dt_assisted_lmmse": 0.13174551041043608
      },
      "mse": {
        "ls_p0": 0.0881494862596947,
        "ls": 0.0881494862596947,
        "lmmse_pdp": 0.0682701977942913,
        "lmmse_empirical": 0.06961436185851717,
        "dt_assisted_ls": 0.01594877607735321,
        "dt_assisted_lmmse": 0.017440677907304986
      },
      "h_power": 0.13958740234375,
      "n_frames": 3901,
      "n_bits": 17975808,
      "cfo_hz": -490.4812186395329,
      "sigma_w_sq": 0.0754860834374404,
      "ebn0_db": -0.9250614631721186,
      "snr_db": 3.054338623548258,
      "w_mean": 0.28500328527454527,
      "scale_ratio": 0.294658851121121,
      "dt_corr": 0.9373386781526986,
      "file": "rx_qpsk_20m_p2_txg15.npz",
      "tx_gain": 15
    },
    {
      "ber": {
        "ls_p0": 0.1409332153668091,
        "ls": 0.11895482772435897,
        "lmmse_pdp": 0.10838625133547009,
        "lmmse_empirical": 0.10937444355413105,
        "dt_assisted_ls": 0.10523966123575498,
        "dt_assisted_lmmse": 0.08808515847578348
      },
      "mse": {
        "ls_p0": 0.09471828845459003,
        "ls": 0.09471828845459003,
        "lmmse_pdp": 0.07422137409407656,
        "lmmse_empirical": 0.07562371383955806,
        "dt_assisted_ls": 0.024261212953510216,
        "dt_assisted_lmmse": 0.02467371273081083
      },
      "h_power": 0.2304045557975769,
      "n_frames": 3900,
      "n_bits": 17971200,
      "cfo_hz": -487.03568479791124,
      "sigma_w_sq": 0.0754860834374404,
      "ebn0_db": 1.2308723855036996,
      "snr_db": 5.210272472224076,
      "w_mean": 0.3958974814015807,
      "scale_ratio": 0.48636725495612765,
      "dt_corr": 0.9431812026969725,
      "file": "rx_qpsk_20m_p2_txg17.npz",
      "tx_gain": 17
    },
    {
      "ber": {
        "ls_p0": 0.09525674412393162,
        "ls": 0.07903651397792023,
        "lmmse_pdp": 0.07115139779202279,
        "lmmse_empirical": 0.07162382033475784,
        "dt_assisted_ls": 0.0735660389957265,
        "dt_assisted_lmmse": 0.06046925080128205
      },
      "mse": {
        "ls_p0": 0.10423133488836797,
        "ls": 0.10423133488836797,
        "lmmse_pdp": 0.08289173907172587,
        "lmmse_empirical": 0.08432195491980349,
        "dt_assisted_ls": 0.03792258704042606,
        "dt_assisted_lmmse": 0.03880462118259517
      },
      "h_power": 0.3677349388599396,
      "n_frames": 3900,
      "n_bits": 17971200,
      "cfo_hz": -494.6353644906821,
      "sigma_w_sq": 0.0754860834374404,
      "ebn0_db": 3.237570746207557,
      "snr_db": 7.216970832927934,
      "w_mean": 0.5102212215595734,
      "scale_ratio": 0.7762617025763221,
      "dt_corr": 0.9368098355622696,
      "file": "rx_qpsk_20m_p2_txg19.npz",
      "tx_gain": 19
    },
    {
      "ber": {
        "ls_p0": 0.06274934339387464,
        "ls": 0.05166816907051282,
        "lmmse_pdp": 0.04608902021011396,
        "lmmse_empirical": 0.0463147702991453,
        "dt_assisted_ls": 0.050254462695868946,
        "dt_assisted_lmmse": 0.04129023103632479
      },
      "mse": {
        "ls_p0": 0.12103420668642599,
        "ls": 0.12103420668642599,
        "lmmse_pdp": 0.09827175837397314,
        "lmmse_empirical": 0.09970595760113349,
        "dt_assisted_ls": 0.05659126787912921,
        "dt_assisted_lmmse": 0.0613457431311891
      },
      "h_power": 0.56745845079422,
      "n_frames": 3900,
      "n_bits": 17971200,
      "cfo_hz": -470.99741600512846,
      "sigma_w_sq": 0.0754860834374404,
      "ebn0_db": 5.1249444797656,
      "snr_db": 9.104344566485977,
      "w_mean": 0.6156184599949531,
      "scale_ratio": 1.197863506036386,
      "dt_corr": 0.9321427100904517,
      "file": "rx_qpsk_20m_p2_txg21.npz",
      "tx_gain": 21
    },
    {
      "ber": {
        "ls_p0": 0.041150730056980056,
        "ls": 0.033906806445868944,
        "lmmse_pdp": 0.030054976851851854,
        "lmmse_empirical": 0.030136885683760682,
        "dt_assisted_ls": 0.03237107149216524,
        "dt_assisted_lmmse": 0.02690833110754986
      },
      "mse": {
        "ls_p0": 0.14539803553143318,
        "ls": 0.14539803553143318,
        "lmmse_pdp": 0.12056184888158969,
        "lmmse_empirical": 0.12195722362688727,
        "dt_assisted_ls": 0.08085099626272292,
        "dt_assisted_lmmse": 0.08444551523632797
      },
      "h_power": 0.8749973177909851,
      "n_frames": 3900,
      "n_bits": 17971200,
      "cfo_hz": -477.52593637476383,
      "sigma_w_sq": 0.0754860834374404,
      "ebn0_db": 7.006529848118018,
      "snr_db": 10.985929934838394,
      "w_mean": 0.7110952307657973,
      "scale_ratio": 1.8470556802785734,
      "dt_corr": 0.9434794220806819,
      "file": "rx_qpsk_20m_p2_txg23.npz",
      "tx_gain": 23
    },
    {
      "ber": {
        "ls_p0": 0.025138332443019943,
        "ls": 0.02040904335826211,
        "lmmse_pdp": 0.017905982905982908,
        "lmmse_empirical": 0.01792072872150997,
        "dt_assisted_ls": 0.020006844284188034,
        "dt_assisted_lmmse": 0.018264222756410257
      },
      "mse": {
        "ls_p0": 0.19471818646308484,
        "ls": 0.19471818646308484,
        "lmmse_pdp": 0.1655688494026251,
        "lmmse_empirical": 0.16675343362187414,
        "dt_assisted_ls": 0.13008521224857517,
        "dt_assisted_lmmse": 0.151059029874152
      },
      "h_power": 1.4126983880996704,
      "n_frames": 3900,
      "n_bits": 17971200,
      "cfo_hz": -481.2264316863138,
      "sigma_w_sq": 0.0754860834374404,
      "ebn0_db": 9.108291311125944,
      "snr_db": 13.087691397846319,
      "w_mean": 0.7984616686913292,
      "scale_ratio": 2.9821035210112323,
      "dt_corr": 0.9341433969158144,
      "file": "rx_qpsk_20m_p2_txg25.npz",
      "tx_gain": 25
    },
    {
      "ber": {
        "ls_p0": 0.016264857104700856,
        "ls": 0.013032852564102564,
        "lmmse_pdp": 0.0113435385505698,
        "lmmse_empirical": 0.011392338853276352,
        "dt_assisted_ls": 0.012470118856837607,
        "dt_assisted_lmmse": 0.013100071225071225
      },
      "mse": {
        "ls_p0": 0.28480890342269466,
        "ls": 0.28480890342269466,
        "lmmse_pdp": 0.2476858801297995,
        "lmmse_empirical": 0.24824621867068372,
        "dt_assisted_ls": 0.21391366335680026,
        "dt_assisted_lmmse": 0.24903503425964432
      },