{
  "position": "p1",
  "bw": "25m",
  "modulation": "16qam",
  "receivers": [
    "ls_p0",
    "ls",
    "lmmse_pdp",
    "lmmse_empirical",
    "dt_assisted_ls",
    "dt_assisted_lmmse"
  ],
  "P_cal": 0.49284461960196496,
  "r_hh_pdp": {
    "model": "measured_pdp",
    "n_taps": 50,
    "eff_rank": 173,
    "trace": 189.25233368884966
  },
  "r_hh_empirical": {
    "n_positions": 20,
    "eff_rank": 173,
    "trace": 210.45192562012443
  },
  "captures": [
    {
      "ber": {
        "ls_p0": 0.2974129514885631,
        "ls": 0.2798451943860638,
        "lmmse_pdp": 0.2900925038944137,
        "lmmse_empirical": 0.2917093619355592,
        "dt_assisted_ls": 0.28178011994366986,
        "dt_assisted_lmmse": 0.2509851060035199
      },
      "mse": {
        "ls_p0": 0.1330989995773209,
        "ls": 0.1330989995773209,
        "lmmse_pdp": 0.10405900474864273,
        "lmmse_empirical": 0.10630152567085178,
        "dt_assisted_ls": 0.03224345674567903,
        "dt_assisted_lmmse": 0.031042595247694486
      },
      "h_power": 0.19690708816051483,
      "n_frames": 4877,
      "n_bits": 44946432,
      "cfo_hz": -487.93123605668677,
      "sigma_w_sq": 0.08996593966463617,
      "ebn0_db": -2.685592086630053,
      "snr_db": 4.304107956730135,
      "w_mean": 0.3672982906779952,
      "scale_ratio": 0.39953178005583684,
      "dt_corr": 0.9110275114991842,
      "file": "rx_16qam_25m_p1_txg13.npz",
      "tx_gain": 13
    },
    {
      "ber": {
        "ls_p0": 0.2510078441821589,
        "ls": 0.2334806464726722,
        "lmmse_pdp": 0.2422633235937393,
        "lmmse_empirical": 0.24370392737737226,
        "dt_assisted_ls": 0.2397592316115326,
        "dt_assisted_lmmse": 0.21202334814919235
      },
      "mse": {
        "ls_p0": 0.1636931751856689,
        "ls": 0.1636931751856689,
        "lmmse_pdp": 0.1309983957246947,
        "lmmse_empirical": 0.13294907475174647,
        "dt_assisted_ls": 0.052001062391138914,
        "dt_assisted_lmmse": 0.05196844095663506
      },
      "h_power": 0.30777451395988464,
      "n_frames": 4877,
      "n_bits": 44946432,
      "cfo_hz": -496.78317124843306,
      "sigma_w_sq": 0.08996593966463617,
      "ebn0_db": -0.681142609983506,
      "snr_db": 6.3085574333766825,
      "w_mean": 0.47516744675524003,
      "scale_ratio": 0.6244858962008186,
      "dt_corr": 0.908253093531493,
      "file": "rx_16qam_25m_p1_txg15.npz",
      "tx_gain": 15
    },
    {
      "ber": {
        "ls_p0": 0.20199981613668466,
        "ls": 0.18549314437239423,
        "lmmse_pdp": 0.19101095722125397,
        "lmmse_empirical": 0.19250237705186476,
        "dt_assisted_ls": 0.19278756097925637,
        "dt_assisted_lmmse": 0.17139420543993347
      },
      "mse": {
        "ls_p0": 0.20501511239422243,
        "ls": 0.20501511239422243,
        "lmmse_pdp": 0.16846524124581472,
        "lmmse_empirical": 0.1706798458348382,
        "dt_assisted_ls": 0.08663970272606429,
        "dt_assisted_lmmse": 0.08331690651043978
      },
      "h_power": 0.5061971545219421,
      "n_frames": 4877,
      "n_bits": 44946432,
      "cfo_hz": -497.01814608828744,
      "sigma_w_sq": 0.08996593966463617,
      "ebn0_db": 1.4359734586842845,
      "snr_db": 8.425673502044473,
      "w_mean": 0.5976281021346727,
      "scale_ratio": 1.0270927882519263,
      "dt_corr": 0.9077545284874916,
      "file": "rx_16qam_25m_p1_txg17.npz",
      "tx_gain": 17
    },
    {
      "ber": {
        "ls_p0": 0.16080344264034127,
        "ls": 0.14569018515196044,
        "lmmse_pdp": 0.14842306058910304,
        "lmmse_empirical": 0.15042442078605928,
        "dt_assisted_ls": 0.151811182698551,
        "dt_assisted_lmmse": 0.1401952439739822
      },
      "mse": {
        "ls_p0": 0.2723529628072399,
        "ls": 0.2723529628072399,
        "lmmse_pdp": 0.22855968859211173,
        "lmmse_empirical": 0.23012257724724353,
        "dt_assisted_ls": 0.14418257246250119,
        "dt_assisted_lmmse": 0.13392894084408546
      },
      "h_power": 0.7834084033966064,
      "n_frames": 4877,
      "n_bits": 44946432,
      "cfo_hz": -502.56542006015144,
      "sigma_w_sq": 0.08996593966463617,
      "ebn0_db": 3.3543239444768713,
      "snr_db": 10.344023987837058,
      "w_mean": 0.6964046152911596,
      "scale_ratio": 1.589564686795828,
      "dt_corr": 0.9046795205075683,
      "file": "rx_16qam_25m_p1_txg19.npz",
      "tx_gain": 19
    },
    {
      "ber": {
        "ls_p0": 0.12299743837286127,
        "ls": 0.11002321608086711,
        "lmmse_pdp": 0.11070843176161346,
        "lmmse_empirical": 0.1136408558525847,
        "dt_assisted_ls": 0.11380229247117991,
        "dt_assisted_lmmse": 0.10521039801335065
      },
      "mse": {
        "ls_p0": 0.3218127241627482,
        "ls": 0.3218127241627482,
        "lmmse_pdp": 0.2750281505967879,
        "lmmse_empirical": 0.278109110246696,
        "dt_assisted_ls": 0.2082881581863673,
        "dt_assisted_lmmse": 0.17987930138089206
      },
      "h_power": 1.2790864706039429,
      "n_frames": 4877,
      "n_bits": 44946432,
      "cfo_hz": -496.343429405116,
      "sigma_w_sq": 0.08996593966463617,
      "ebn0_db": 5.297216539795178,
      "snr_db": 12.286916583155366,
      "w_mean": 0.7889337532724294,
      "scale_ratio": 2.5953138570062277,
      "dt_corr": 0.9074462887984619,
      "file": "rx_16qam_25m_p1_txg21.npz",
      "tx_gain": 21
    },
    {
      "ber": {
        "ls_p0": 0.0911036720334108,
        "ls": 0.08038121913659353,
        "lmmse_pdp": 0.08015828709162053,
        "lmmse_empirical": 0.08401917197787802,
        "dt_assisted_ls": 0.08377307902883148,
        "dt_assisted_lmmse": 0.08786410454115691
      },
      "mse": {
        "ls_p0": 0.5030133238331282,
        "ls": 0.5030133238331282,
        "lmmse_pdp": 0.4371777559821676,
        "lmmse_empirical": 0.4397287212934325,
        "dt_assisted_ls": 0.3681118953596008,
        "dt_assisted_lmmse": 0.3118725752896795
      },
      "h_power": 1.9548262357711792,
      "n_frames": 4877,
      "n_bits": 44946432,
      "cfo_hz": -520.0323878849586,
      "sigma_w_sq": 0.08996593966463617,
      "ebn0_db": 7.246135608164139,
      "snr_db": 14.235835651524326,
      "w_mean": 0.8508566533179857,
      "scale_ratio": 3.9664148861966906,
      "dt_corr": 0.9073813087895947,
      "file": "rx_16qam_25m_p1_txg23.npz",
      "tx_gain": 23
    },
    {
      "ber": {
        "ls_p0": 0.06473470463684414,
        "ls": 0.05649734332638462,
        "lmmse_pdp": 0.0562571462847151,
        "lmmse_empirical": 0.061491043382486954,
        "dt_assisted_ls": 0.058995895380527644,
        "dt_assisted_lmmse": 0.06969098236763266
      },
      "mse": {
        "ls_p0": 0.7395047719855662,
        "ls": 0.7395047719855662,
        "lmmse_pdp": 0.65134034666547,
        "lmmse_empirical": 0.6551174435660122,
        "dt_assisted_ls": 0.6018376203026659,
        "dt_assisted_lmmse": 0.4973707822646634
      },
      "h_power": 3.1459691524505615,
      "n_frames": 4877,
      "n_bits": 44946432,
      "cfo_hz": -519.8707721367,
      "sigma_w_sq": 0.08996593966463617,
      "ebn0_db": 9.296867720045006,
      "snr_db": 16.286567763405195,
      "w_mean": 0.9016823868154186,
      "scale_ratio": 6.383288012743923,
      "dt_corr": 0.9077702430945117,
      "file": "rx_16qam_25m_p1_txg25.npz",
      "tx_gain": 25
    },
    {
      "ber": {
        "ls_p0": 0.0463592082236917,
        "ls": 0.04041978237560659,
        "lmmse_pdp": 0.040745303208939924,
        "lmmse_empirical": 0.047150327750153785,
        "dt_assisted_ls": 0.0423425601391452,
        "dt_assisted_lmmse": 0.05881125336044472
      },
      "mse": {
        "ls_p0": 1.0909100325756143,
        "ls": 1.0909100325756143,
        "lmmse_pdp": 0.9644420273853894,
        "lmmse_empirical": 0.9684009002518,
        "dt_assisted_ls": 0.9537472631806118,
        "dt_assisted_lmmse": 0.7709610413236176
      },
      "h_power": 4.900719165802002,
      "n_frames": 4877,