{
  "position": "p4",
  "bw": "25m",
  "modulation": "qpsk",
  "receivers": [
    "ls_p0",
    "ls",
    "lmmse_pdp",
    "lmmse_empirical",
    "dt_assisted_ls",
    "dt_assisted_lmmse"
  ],
  "P_cal": 0.49284461960196496,
  "r_hh_pdp": {
    "model": "measured_pdp",
    "n_taps": 50,
    "eff_rank": 173,
    "trace": 189.25233368884966
  },
  "r_hh_empirical": {
    "n_positions": 20,
    "eff_rank": 173,
    "trace": 210.45192562012443
  },
  "captures": [
    {
      "ber": {
        "ls_p0": 0.2056097356070444,
        "ls": 0.1782967333202333,
        "lmmse_pdp": 0.16197926456097783,
        "lmmse_empirical": 0.16422019883580524,
        "dt_assisted_ls": 0.16148004807144647,
        "dt_assisted_lmmse": 0.1262030765868134
      },
      "mse": {
        "ls_p0": 0.12973022323899647,
        "ls": 0.12973022323899647,
        "lmmse_pdp": 0.09552726213568372,
        "lmmse_empirical": 0.09721222075241895,
        "dt_assisted_ls": 0.03322106070907181,
        "dt_assisted_lmmse": 0.022547478978014426
      },
      "h_power": 0.15981628000736237,
      "n_frames": 4877,
      "n_bits": 22473216,
      "cfo_hz": -440.11227004509556,
      "sigma_w_sq": 0.10326025827185699,
      "ebn0_db": -1.409394787837705,
      "snr_db": 2.5700052988826716,
      "w_mean": 0.29135662452706274,
      "scale_ratio": 0.3242731555767707,
      "dt_corr": 0.8490774954110573,
      "file": "rx_qpsk_25m_p4_txg13.npz",
      "tx_gain": 13
    },
    {
      "ber": {
        "ls_p0": 0.14600584980805595,
        "ls": 0.12273494812669446,
        "lmmse_pdp": 0.1095388394789602,
        "lmmse_empirical": 0.11113691961132754,
        "dt_assisted_ls": 0.11662834549358668,
        "dt_assisted_lmmse": 0.08412770117102955
      },
      "mse": {
        "ls_p0": 0.13875141359043827,
        "ls": 0.13875141359043827,
        "lmmse_pdp": 0.1044470716139052,
        "lmmse_empirical": 0.10577351041625291,
        "dt_assisted_ls": 0.04739521928062565,
        "dt_assisted_lmmse": 0.03349976780206986
      },
      "h_power": 0.2510712146759033,
      "n_frames": 4877,
      "n_bits": 22473216,
      "cfo_hz": -428.8697085563931,
      "sigma_w_sq": 0.10326025827185699,
      "ebn0_db": 0.4525514392189279,
      "snr_db": 4.431951525939304,
      "w_mean": 0.3919442217634472,
      "scale_ratio": 0.5094328002985513,
      "dt_corr": 0.8465724072642892,
      "file": "rx_qpsk_25m_p4_txg15.npz",
      "tx_gain": 15
    },
    {
      "ber": {
        "ls_p0": 0.09344519271296106,
        "ls": 0.07616800372496753,
        "lmmse_pdp": 0.06672133618971135,
        "lmmse_empirical": 0.0674110461092885,
        "dt_assisted_ls": 0.07361478659752124,
        "dt_assisted_lmmse": 0.05167876284373363
      },
      "mse": {
        "ls_p0": 0.15722148734545258,
        "ls": 0.15722148734545258,
        "lmmse_pdp": 0.1213292780970626,
        "lmmse_empirical": 0.1224109116286299,
        "dt_assisted_ls": 0.06766654924780681,
        "dt_assisted_lmmse": 0.05141851798835013
      },
      "h_power": 0.4117872416973114,
      "n_frames": 4877,
      "n_bits": 22473216,
      "cfo_hz": -445.47117051603846,
      "sigma_w_sq": 0.10326025827185699,
      "ebn0_db": 2.5656440614032587,
      "snr_db": 6.545044148123634,
      "w_mean": 0.5132754982498072,
      "scale_ratio": 0.8355315759151074,
      "dt_corr": 0.8520755565874356,
      "file": "rx_qpsk_25m_p4_txg17.npz",
      "tx_gain": 17
    },
    {
      "ber": {
        "ls_p0": 0.0576597937740642,
        "ls": 0.04618564605973618,
        "lmmse_pdp": 0.04003792781593876,
        "lmmse_empirical": 0.0402452412685394,
        "dt_assisted_ls": 0.046378186370833616,
        "dt_assisted_lmmse": 0.03316396727553368
      },
      "mse": {
        "ls_p0": 0.2014693221076904,
        "ls": 0.2014693221076904,
        "lmmse_pdp": 0.16197731510325072,
        "lmmse_empirical": 0.16151639944678933,
        "dt_assisted_ls": 0.10357650077099977,
        "dt_assisted_lmmse": 0.09029852406274777
      },
      "h_power": 0.6379023790359497,
      "n_frames": 4877,
      "n_bits": 22473216,
      "cfo_hz": -450.29503892175273,
      "sigma_w_sq": 0.10326025827185699,
      "ebn0_db": 4.5525481633111315,
      "snr_db": 8.531948250031508,
      "w_mean": 0.6197680970571543,
      "scale_ratio": 1.2943275703225439,
      "dt_corr": 0.8514452365570002,
      "file": "rx_qpsk_25m_p4_txg19.npz",
      "tx_gain": 19
    },
    {
      "ber": {
        "ls_p0": 0.03404915433554325,
        "ls": 0.027138705915521838,
        "lmmse_pdp": 0.023358383597612376,
        "lmmse_empirical": 0.023401190110040326,
        "dt_assisted_ls": 0.02632560466646162,
        "dt_assisted_lmmse": 0.020628689725582666
      },
      "mse": {
        "ls_p0": 0.24323740832990562,
        "ls": 0.24323740832990562,
        "lmmse_pdp": 0.2006698305661275,
        "lmmse_empirical": 0.1993925307841781,
        "dt_assisted_ls": 0.14943188539521973,
        "dt_assisted_lmmse": 0.1309049844890791
      },
      "h_power": 1.0253559350967407,
      "n_frames": 4877,
      "n_bits": 22473216,
      "cfo_hz": -462.71546019440075,
      "sigma_w_sq": 0.10326025827185699,
      "ebn0_db": 6.546891647940003,
      "snr_db": 10.526291734660377,
      "w_mean": 0.7233185338788285,
      "scale_ratio": 2.080485196175717,
      "dt_corr": 0.8547153856228801,
      "file": "rx_qpsk_25m_p4_txg21.npz",
      "tx_gain": 21
    },
    {
      "ber": {
        "ls_p0": 0.021422479096894723,
        "ls": 0.01685548699393981,
        "lmmse_pdp": 0.014372887262775386,
        "lmmse_empirical": 0.014432380305515686,
        "dt_assisted_ls": 0.015988855355637575,
        "dt_assisted_lmmse": 0.014036397816850068
      },
      "mse": {
        "ls_p0": 0.3044749141105746,
        "ls": 0.3044749141105746,
        "lmmse_pdp": 0.25731954892663833,
        "lmmse_empirical": 0.2548187806544757,
        "dt_assisted_ls": 0.21433286284939196,
        "dt_assisted_lmmse": 0.19140452886661358
      },
      "h_power": 1.5867023468017578,
      "n_frames": 4877,
      "n_bits": 22473216,
      "cfo_hz": -461.4544019777078,
      "sigma_w_sq": 0.10326025827185699,
      "ebn0_db": 8.40948555665233,
      "snr_db": 12.388885643372706,
      "w_mean": 0.8015373440950372,
      "scale_ratio": 3.219477871308046,
      "dt_corr": 0.8518062074165884,
      "file": "rx_qpsk_25m_p4_txg23.npz",
      "tx_gain": 23
    },
    {
      "ber": {
        "ls_p0": 0.012204004805282108,
        "ls": 0.00931143575961626,
        "lmmse_pdp": 0.00783448623074469,
        "lmmse_empirical": 0.007985986492799198,
        "dt_assisted_ls": 0.00867899782665664,
        "dt_assisted_lmmse": 0.008785190431022697
      },
      "mse": {
        "ls_p0": 0.4611024963356218,
        "ls": 0.4611024963356218,
        "lmmse_pdp": 0.40178327294878263,
        "lmmse_empirical": 0.39408339318618424,
        "dt_assisted_ls": 0.36009892743655636,
        "dt_assisted_lmmse": 0.33656649478260653
      },
      "h_power": 2.506929636001587,
      "n_frames": 4876,
      "n_bits": 22468608,
      "cfo_hz": -461.37961927359953,
      "sigma_w_sq": 0.10326025827185699,
      "ebn0_db": 10.454856279259033,
      "snr_db": 14.434256365979408,
      "w_mean": 0.8643595008164544,
      "scale_ratio": 5.0866531484634105,
      "dt_corr": 0.8506358472668801,
      "file": "rx_qpsk_25m_p4_txg25.npz",
      "tx_gain": 25
    },
    {
      "ber": {
        "ls_p0": 0.005879977302758982,
        "ls": 0.004170520142733465,
        "lmmse_pdp": 0.0034471701780466133,
        "lmmse_empirical": 0.0035376779184608026,
        "dt_assisted_ls": 0.0038115595026541817,
        "dt_assisted_lmmse": 0.005482570896840043
      },
      "mse": {
        "ls_p0": 0.6443377580200929,
        "ls": 0.6443377580200929,
        "lmmse_pdp": 0.5708339738666983,
        "lmmse_empirical": 0.5596188991415448,
        "dt_assisted_ls": 0.5466004834848401,
        "dt_assisted_lmmse": 0.5196253896431395
      },