{
  "position": "p3",
  "bw": "20m",
  "modulation": "16qam",
  "receivers": [
    "ls_p0",
    "ls",
    "lmmse_pdp",
    "lmmse_empirical",
    "dt_assisted_ls",
    "dt_assisted_lmmse"
  ],
  "P_cal": 0.4737254686653614,
  "r_hh_pdp": {
    "model": "measured_pdp",
    "n_taps": 50,
    "eff_rank": 173,
    "trace": 181.91058182583052
  },
  "r_hh_empirical": {
    "n_positions": 20,
    "eff_rank": 173,
    "trace": 200.9274742318583
  },
  "captures": [
    {
      "ber": {
        "ls_p0": 0.4737080043277809,
        "ls": 0.468139242888289,
        "lmmse_pdp": 0.469454994732066,
        "lmmse_empirical": 0.4694295502741633,
        "dt_assisted_ls": 0.46322693043827673,
        "dt_assisted_lmmse": 0.4563204574162514
      },
      "mse": {
        "ls_p0": 0.08762123175346262,
        "ls": 0.08762123175346262,
        "lmmse_pdp": 0.06551009785608657,
        "lmmse_empirical": 0.06702366963625288,
        "dt_assisted_ls": 0.007025548525554475,
        "dt_assisted_lmmse": 0.005243828515023395
      },
      "h_power": 0.010513599961996078,
      "n_frames": 3612,
      "n_bits": 33288192,
      "cfo_hz": -448.1823037884667,
      "sigma_w_sq": 0.07999055808117743,
      "ebn0_db": -13.273637050349423,
      "snr_db": -6.283937006989237,
      "w_mean": 0.027802303111359016,
      "scale_ratio": 0.02219344463707283,
      "dt_corr": 0.5765400456167753,
      "file": "rx_16qam_20m_p3_txg13.npz",
      "tx_gain": 13
    },
    {
      "ber": {
        "ls_p0": 0.45891652652709397,
        "ls": 0.4509772148350897,
        "lmmse_pdp": 0.453800363643071,
        "lmmse_empirical": 0.4534388519082376,
        "dt_assisted_ls": 0.44968061449065677,
        "dt_assisted_lmmse": 0.4405937272807434
      },
      "mse": {
        "ls_p0": 0.08925612063647491,
        "ls": 0.08925612063647491,
        "lmmse_pdp": 0.06707781522964364,
        "lmmse_empirical": 0.0684595649358525,
        "dt_assisted_ls": 0.011340855225518554,
        "dt_assisted_lmmse": 0.009012957476049273
      },
      "h_power": 0.01796763949096203,
      "n_frames": 3859,
      "n_bits": 35564544,
      "cfo_hz": -443.68709087536496,
      "sigma_w_sq": 0.07999055808117743,
      "ebn0_db": -11.602942542659422,
      "snr_db": -4.6132424992992345,
      "w_mean": 0.046564882310307566,
      "scale_ratio": 0.037928379788367106,
      "dt_corr": 0.5873926089200027,
      "file": "rx_16qam_20m_p3_txg15.npz",
      "tx_gain": 15
    },
    {
      "ber": {
        "ls_p0": 0.4368891512414908,
        "ls": 0.42584477982853397,
        "lmmse_pdp": 0.4311691301998775,
        "lmmse_empirical": 0.43047870226473267,
        "dt_assisted_ls": 0.4266644091881711,
        "dt_assisted_lmmse": 0.4159110399933066
      },
      "mse": {
        "ls_p0": 0.09046135250820002,
        "ls": 0.09046135250820002,
        "lmmse_pdp": 0.06798777329972608,
        "lmmse_empirical": 0.06948629100283538,
        "dt_assisted_ls": 0.018791737673681645,
        "dt_assisted_lmmse": 0.014457677106661295
      },
      "h_power": 0.03209495171904564,
      "n_frames": 3901,
      "n_bits": 35951616,
      "cfo_hz": -454.05995353141435,
      "sigma_w_sq": 0.07999055808117743,
      "ebn0_db": -9.63261633843893,
      "snr_db": -2.6429162950787433,
      "w_mean": 0.08014893929181845,
      "scale_ratio": 0.06775010811529207,
      "dt_corr": 0.5957929080500086,
      "file": "rx_16qam_20m_p3_txg17.npz",
      "tx_gain": 17
    },
    {
      "ber": {
        "ls_p0": 0.405475093482906,
        "ls": 0.39150551994301996,
        "lmmse_pdp": 0.40071586761039885,
        "lmmse_empirical": 0.39973588296830487,
        "dt_assisted_ls": 0.39681537682514245,
        "dt_assisted_lmmse": 0.3869429976851852
      },
      "mse": {
        "ls_p0": 0.08926240758049445,
        "ls": 0.08926240758049445,
        "lmmse_pdp": 0.06762318778422165,
        "lmmse_empirical": 0.06876201263365855,
        "dt_assisted_ls": 0.029215258232665974,
        "dt_assisted_lmmse": 0.024230306106111994
      },
      "h_power": 0.05367947742342949,
      "n_frames": 3900,
      "n_bits": 35942400,
      "cfo_hz": -452.7534771394434,
      "sigma_w_sq": 0.07999055808117743,
      "ebn0_db": -7.952775160396817,
      "snr_db": -0.9630751170366287,
      "w_mean": 0.1270055457467623,
      "scale_ratio": 0.11331347156542379,
      "dt_corr": 0.5901214692307558,
      "file": "rx_16qam_20m_p3_txg19.npz",
      "tx_gain": 19
    },
    {
      "ber": {
        "ls_p0": 0.37281901041666665,
        "ls": 0.35666822471509974,
        "lmmse_pdp": 0.3682198183760684,
        "lmmse_empirical": 0.36695281895477205,
        "dt_assisted_ls": 0.36545664730235045,
        "dt_assisted_lmmse": 0.36232858685007124
      },
      "mse": {
        "ls_p0": 0.0937786048006171,
        "ls": 0.0937786048006171,
        "lmmse_pdp": 0.07167270634087382,
        "lmmse_empirical": 0.07265497514559932,
        "dt_assisted_ls": 0.04142568085529455,
        "dt_assisted_lmmse": 0.03785416587954379
      },
      "h_power": 0.08422469347715378,
      "n_frames": 3900,
      "n_bits": 35942400,
      "cfo_hz": -456.0999802734643,
      "sigma_w_sq": 0.07999055808117743,
      "ebn0_db": -6.023040621255839,
      "snr_db": 0.9666594221043499,
      "w_mean": 0.18552397999768086,
      "scale_ratio": 0.17779220043719016,
      "dt_corr": 0.5871271869983715,
      "file": "rx_16qam_20m_p3_txg21.npz",
      "tx_gain": 21
    },
    {
      "ber": {
        "ls_p0": 0.33038216702279205,
        "ls": 0.31305978454415956,
        "lmmse_pdp": 0.3259622061965812,
        "lmmse_empirical": 0.32447043046652424,
        "dt_assisted_ls": 0.32904180021367524,
        "dt_assisted_lmmse": 0.333050046741453
      },
      "mse": {
        "ls_p0": 0.09779911170674693,
        "ls": 0.09779911170674693,
        "lmmse_pdp": 0.07604414851817272,
        "lmmse_empirical": 0.07637982485518295,
        "dt_assisted_ls": 0.05737310063229162,
        "dt_assisted_lmmse": 0.06143533048174779
      },
      "h_power": 0.13570131361484528,
      "n_frames": 3900,
      "n_bits": 35942400,
      "cfo_hz": -470.9026926933563,
      "sigma_w_sq": 0.07999055808117743,
      "ebn0_db": -4.056756283334592,
      "snr_db": 2.9329437600255965,
      "w_mean": 0.26788918174505816,
      "scale_ratio": 0.28645560053412367,
      "dt_corr": 0.581001760927222,
      "file": "rx_16qam_20m_p3_txg23.npz",
      "tx_gain": 23
    },
    {
      "ber": {
        "ls_p0": 0.28653479721189723,
        "ls": 0.26865932813701615,
        "lmmse_pdp": 0.28084147872518445,
        "lmmse_empirical": 0.2792702002602609,
        "dt_assisted_ls": 0.2897904227726509,
        "dt_assisted_lmmse": 0.3097035471228887
      },
      "mse": {
        "ls_p0": 0.10754813269634582,
        "ls": 0.10754813269634582,
        "lmmse_pdp": 0.0853394702146932,
        "lmmse_empirical": 0.08491609943034088,
        "dt_assisted_ls": 0.07384948876776402,
        "dt_assisted_lmmse": 0.09725385904476401
      },
      "h_power": 0.21564346551895142,
      "n_frames": 3901,
      "n_bits": 35951616,
      "cfo_hz": -458.6893682663325,
      "sigma_w_sq": 0.07999055808117743,
      "ebn0_db": -2.0753214007966876,
      "snr_db": 4.9143786425635,
      "w_mean": 0.3668565560207815,
      "scale_ratio": 0.45520766727296536,
      "dt_corr": 0.5852321247709681,
      "file": "rx_16qam_20m_p3_txg25.npz",
      "tx_gain": 25
    },
    {
      "ber": {
        "ls_p0": 0.24132133636039885,
        "ls": 0.22342130742521368,
        "lmmse_pdp": 0.23356403579059828,
        "lmmse_empirical": 0.2318818164618946,
        "dt_assisted_ls": 0.24716321113782053,
        "dt_assisted_lmmse": 0.2897140981125356
      },
      "mse": {
        "ls_p0": 0.1187139661356931,
        "ls": 0.1187139661356931,
        "lmmse_pdp": 0.09628999292248275,
        "lmmse_empirical": 0.09489390906480409,
        "dt_assisted_ls": 0.0900837565075776,
        "dt_assisted_lmmse": 0.15069030550082604
      },