{
  "position": "p4",
  "bw": "20m",
  "modulation": "qpsk",
  "receivers": [
    "ls_p0",
    "ls",
    "lmmse_pdp",
    "lmmse_empirical",
    "dt_assisted_ls",
    "dt_assisted_lmmse"
  ],
  "P_cal": 0.4737254686653614,
  "r_hh_pdp": {
    "model": "measured_pdp",
    "n_taps": 50,
    "eff_rank": 173,
    "trace": 181.91058182583052
  },
  "r_hh_empirical": {
    "n_positions": 20,
    "eff_rank": 173,
    "trace": 200.9274742318583
  },
  "captures": [
    {
      "ber": {
        "ls_p0": 0.20395805511039886,
        "ls": 0.17806367966524217,
        "lmmse_pdp": 0.1649833622685185,
        "lmmse_empirical": 0.1663979033119658,
        "dt_assisted_ls": 0.16168753338675212,
        "dt_assisted_lmmse": 0.13079950142450142
      },
      "mse": {
        "ls_p0": 0.09365710025912016,
        "ls": 0.09365710025912016,
        "lmmse_pdp": 0.07134159256587479,
        "lmmse_empirical": 0.0730935645428469,
        "dt_assisted_ls": 0.031194367914592513,
        "dt_assisted_lmmse": 0.013658450835302895
      },
      "h_power": 0.14219647645950317,
      "n_frames": 3900,
      "n_bits": 17971200,
      "cfo_hz": -406.06665223232454,
      "sigma_w_sq": 0.08022048952552548,
      "ebn0_db": -1.0940502204960785,
      "snr_db": 2.885349866224298,
      "w_mean": 0.2765209473467354,
      "scale_ratio": 0.3001664167647918,
      "dt_corr": 0.8232345637377974,
      "file": "rx_qpsk_20m_p4_txg13.npz",
      "tx_gain": 13
    },
    {
      "ber": {
        "ls_p0": 0.1532121393374918,
        "ls": 0.13056770521803526,
        "lmmse_pdp": 0.11959851818622005,
        "lmmse_empirical": 0.12044204076946083,
        "dt_assisted_ls": 0.12726643497749865,
        "dt_assisted_lmmse": 0.09652956907416901
      },
      "mse": {
        "ls_p0": 0.10511448811834492,
        "ls": 0.10511448811834492,
        "lmmse_pdp": 0.08135665178222955,
        "lmmse_empirical": 0.08325167674338788,
        "dt_assisted_ls": 0.04250880029686971,
        "dt_assisted_lmmse": 0.022075333689634925
      },
      "h_power": 0.21796339750289917,
      "n_frames": 3901,
      "n_bits": 17975808,
      "cfo_hz": -427.54011881684414,
      "sigma_w_sq": 0.08022048952552548,
      "ebn0_db": 0.8423033560016322,
      "snr_db": 4.821703442722009,
      "w_mean": 0.36866226025419113,
      "scale_ratio": 0.46010487491198837,
      "dt_corr": 0.8215108047297018,
      "file": "rx_qpsk_20m_p4_txg15.npz",
      "tx_gain": 15
    },
    {
      "ber": {
        "ls_p0": 0.0987479411502849,
        "ls": 0.08212211761039886,
        "lmmse_pdp": 0.07430388621794871,
        "lmmse_empirical": 0.07434317129629629,
        "dt_assisted_ls": 0.08686459446225071,
        "dt_assisted_lmmse": 0.06287882834757835
      },
      "mse": {
        "ls_p0": 0.11644619896776301,
        "ls": 0.11644619896776301,
        "lmmse_pdp": 0.09183905323313923,
        "lmmse_empirical": 0.09398506117640214,
        "dt_assisted_ls": 0.05803295487400359,
        "dt_assisted_lmmse": 0.035330706276265916
      },
      "h_power": 0.36347493529319763,
      "n_frames": 3900,
      "n_bits": 17971200,
      "cfo_hz": -435.03985955863016,
      "sigma_w_sq": 0.08022048952552548,
      "ebn0_db": 2.997316281638287,
      "snr_db": 6.976716368358663,
      "w_mean": 0.4922609936489706,
      "scale_ratio": 0.7672691449696057,
      "dt_corr": 0.8227053776556925,
      "file": "rx_qpsk_20m_p4_txg17.npz",
      "tx_gain": 17
    },
    {
      "ber": {
        "ls_p0": 0.06507668528724829,
        "ls": 0.053322999444586856,
        "lmmse_pdp": 0.04803494785881113,
        "lmmse_empirical": 0.04770600576063118,
        "dt_assisted_ls": 0.06111858782648324,
        "dt_assisted_lmmse": 0.044040690688285054
      },
      "mse": {
        "ls_p0": 0.14208181922494,
        "ls": 0.14208181922494,
        "lmmse_pdp": 0.11490165105602056,
        "lmmse_empirical": 0.11732886359058702,
        "dt_assisted_ls": 0.0799693608106075,
        "dt_assisted_lmmse": 0.058115904460783435
      },
      "h_power": 0.564830482006073,
      "n_frames": 3901,
      "n_bits": 17975808,
      "cfo_hz": -421.9568253378661,
      "sigma_w_sq": 0.08022048952552548,
      "ebn0_db": 4.957069028627211,
      "snr_db": 8.936469115347588,
      "w_mean": 0.6001431439455917,
      "scale_ratio": 1.1923160551139123,
      "dt_corr": 0.8209046220671524,
      "file": "rx_qpsk_20m_p4_txg19.npz",
      "tx_gain": 19
    },
    {
      "ber": {
        "ls_p0": 0.04513582843660969,
        "ls": 0.03644375445156695,
        "lmmse_pdp": 0.032565938835470085,
        "lmmse_empirical": 0.03215717370014245,
        "dt_assisted_ls": 0.041670506143162395,
        "dt_assisted_lmmse": 0.03261212384259259
      },
      "mse": {
        "ls_p0": 0.1819465360612471,
        "ls": 0.1819465360612471,
        "lmmse_pdp": 0.14936707359998283,
        "lmmse_empirical": 0.15246796081342287,
        "dt_assisted_ls": 0.11335587133918049,
        "dt_assisted_lmmse": 0.08960061212254333
      },
      "h_power": 0.8763588070869446,
      "n_frames": 3900,
      "n_bits": 17971200,
      "cfo_hz": -434.7625571647498,
      "sigma_w_sq": 0.08022048952552548,
      "ebn0_db": 6.889327690223729,
      "snr_db": 10.868727776944105,
      "w_mean": 0.6988568097260224,
      "scale_ratio": 1.8499296851316271,
      "dt_corr": 0.8202059894917947,
      "file": "rx_qpsk_20m_p4_txg21.npz",
      "tx_gain": 21
    },
    {
      "ber": {
        "ls_p0": 0.026078058226495726,
        "ls": 0.020544537927350427,
        "lmmse_pdp": 0.01823161502849003,
        "lmmse_empirical": 0.01786831152065527,
        "dt_assisted_ls": 0.023310685986467235,
        "dt_assisted_lmmse": 0.02094623620014245
      },
      "mse": {
        "ls_p0": 0.23503166098736292,
        "ls": 0.23503166098736292,
        "lmmse_pdp": 0.1983432261358569,
        "lmmse_empirical": 0.20256386166044582,
        "dt_assisted_ls": 0.16317336739954438,
        "dt_assisted_lmmse": 0.14101269446100714
      },
      "h_power": 1.3617013692855835,
      "n_frames": 3900,
      "n_bits": 17971200,
      "cfo_hz": -433.45105171567144,
      "sigma_w_sq": 0.08022048952552548,
      "ebn0_db": 8.792984307305664,
      "snr_db": 12.77238439402604,
      "w_mean": 0.7823932232190213,
      "scale_ratio": 2.8744525244165966,
      "dt_corr": 0.8201448723154142,
      "file": "rx_qpsk_20m_p4_txg23.npz",
      "tx_gain": 23
    },
    {
      "ber": {
        "ls_p0": 0.013278234836509157,
        "ls": 0.009820420867868638,
        "lmmse_pdp": 0.008646454167734768,
        "lmmse_empirical": 0.008383712153578854,
        "dt_assisted_ls": 0.0106855280163206,
        "dt_assisted_lmmse": 0.014298216803383747
      },
      "mse": {
        "ls_p0": 0.2931193211606995,
        "ls": 0.2931193211606995,
        "lmmse_pdp": 0.25094731453985325,
        "lmmse_empirical": 0.25664525710656055,
        "dt_assisted_ls": 0.22814769659259126,
        "dt_assisted_lmmse": 0.2115052656794261
      },
      "h_power": 2.2721774578094482,
      "n_frames": 3901,
      "n_bits": 17975808,
      "cfo_hz": -436.5565827762414,
      "sigma_w_sq": 0.08022048952552548,
      "ebn0_db": 10.937121310869752,
      "snr_db": 14.916521397590131,
      "w_mean": 0.8568158511075751,
      "scale_ratio": 4.7964013085699415,
      "dt_corr": 0.8253088732338956,
      "file": "rx_qpsk_20m_p4_txg25.npz",
      "tx_gain": 25
    },
    {
      "ber": {
        "ls_p0": 0.007079271278490029,
        "ls": 0.004965611645299146,
        "lmmse_pdp": 0.004277399394586895,
        "lmmse_empirical": 0.004220920138888889,
        "dt_assisted_ls": 0.005035223023504273,
        "dt_assisted_lmmse": 0.009036013176638177
      },
      "mse": {
        "ls_p0": 0.43483461761748277,
        "ls": 0.43483461761748277,
        "lmmse_pdp": 0.3779872446529945,
        "lmmse_empirical": 0.38737013704567685,
        "dt_assisted_ls": 0.36205102172740544,
        "dt_assisted_lmmse": 0.3273638845013283
      },