{
  "position": "p3",
  "bw": "25m",
  "modulation": "qpsk",
  "receivers": [
    "ls_p0",
    "ls",
    "lmmse_pdp",
    "lmmse_empirical",
    "dt_assisted_ls",
    "dt_assisted_lmmse"
  ],
  "P_cal": 0.49284461960196496,
  "r_hh_pdp": {
    "model": "measured_pdp",
    "n_taps": 50,
    "eff_rank": 173,
    "trace": 189.25233368884966
  },
  "r_hh_empirical": {
    "n_positions": 20,
    "eff_rank": 173,
    "trace": 210.45192562012443
  },
  "captures": [
    {
      "ber": {
        "ls_p0": 0.3983769808872993,
        "ls": 0.37991811156610683,
        "lmmse_pdp": 0.3695856317097473,
        "lmmse_empirical": 0.36946742820858386,
        "dt_assisted_ls": 0.359095757164743,
        "dt_assisted_lmmse": 0.3378936397067293
      },
      "mse": {
        "ls_p0": 0.11619501032527287,
        "ls": 0.11619501032527287,
        "lmmse_pdp": 0.08230210118157608,
        "lmmse_empirical": 0.08429752336080264,
        "dt_assisted_ls": 0.013536129775938632,
        "dt_assisted_lmmse": 0.014159130184340755
      },
      "h_power": 0.028225818648934364,
      "n_frames": 4823,
      "n_bits": 22224384,
      "cfo_hz": -527.1822841645483,
      "sigma_w_sq": 0.10548311913016635,
      "ebn0_db": -8.305353843439471,
      "snr_db": -4.3259537567190955,
      "w_mean": 0.06664626955122656,
      "scale_ratio": 0.057271232202413654,
      "dt_corr": 0.6940090488743548,
      "file": "rx_qpsk_25m_p3_txg13.npz",
      "tx_gain": 13
    },
    {
      "ber": {
        "ls_p0": 0.3567782720278006,
        "ls": 0.3344977785474822,
        "lmmse_pdp": 0.32299991768438696,
        "lmmse_empirical": 0.3224538195157134,
        "dt_assisted_ls": 0.32513081411923006,
        "dt_assisted_lmmse": 0.30436131102045705
      },
      "mse": {
        "ls_p0": 0.12075896238981731,
        "ls": 0.12075896238981731,
        "lmmse_pdp": 0.08666149593497136,
        "lmmse_empirical": 0.08820783551546271,
        "dt_assisted_ls": 0.021412903670447517,
        "dt_assisted_lmmse": 0.023778550610803417
      },
      "h_power": 0.047218915075063705,
      "n_frames": 4872,
      "n_bits": 22450176,
      "cfo_hz": -503.2457235850927,
      "sigma_w_sq": 0.10548311913016635,
      "ebn0_db": -6.235540544931616,
      "snr_db": -2.2561404582112403,
      "w_mean": 0.10663143576891769,
      "scale_ratio": 0.09580892881249067,
      "dt_corr": 0.6916406940892146,
      "file": "rx_qpsk_25m_p3_txg15.npz",
      "tx_gain": 15
    },
    {
      "ber": {
        "ls_p0": 0.3076388888888889,
        "ls": 0.2828019497863248,
        "lmmse_pdp": 0.27152969195156695,
        "lmmse_empirical": 0.27011720975783476,
        "dt_assisted_ls": 0.2862935363247863,
        "dt_assisted_lmmse": 0.27094074964387466
      },
      "mse": {
        "ls_p0": 0.12704269715510405,
        "ls": 0.12704269715510405,
        "lmmse_pdp": 0.09270287270750209,
        "lmmse_empirical": 0.09374533998388825,
        "dt_assisted_ls": 0.03294129457334122,
        "dt_assisted_lmmse": 0.0386864172007515
      },
      "h_power": 0.07841116189956665,
      "n_frames": 4875,
      "n_bits": 22464000,
      "cfo_hz": -509.51540084828684,
      "sigma_w_sq": 0.10548311913016635,
      "ebn0_db": -4.181090913172626,
      "snr_db": -0.20169082645224945,
      "w_mean": 0.1652574618463416,
      "scale_ratio": 0.15909915373103534,
      "dt_corr": 0.6862988938331266,
      "file": "rx_qpsk_25m_p3_txg17.npz",
      "tx_gain": 17
    },
    {
      "ber": {
        "ls_p0": 0.2546848212556672,
        "ls": 0.23006328956211697,
        "lmmse_pdp": 0.22008131813444057,
        "lmmse_empirical": 0.21767507596598545,
        "dt_assisted_ls": 0.2444707958131137,
        "dt_assisted_lmmse": 0.24033382672066161
      },
      "mse": {
        "ls_p0": 0.13356108426551586,
        "ls": 0.13356108426551586,
        "lmmse_pdp": 0.09928016830611203,
        "lmmse_empirical": 0.09967204227415975,
        "dt_assisted_ls": 0.04749009093076358,
        "dt_assisted_lmmse": 0.059760000451692205
      },
      "h_power": 0.12835116684436798,
      "n_frames": 4877,
      "n_bits": 22473216,
      "cfo_hz": -522.8257987782717,
      "sigma_w_sq": 0.10548311913016635,
      "ebn0_db": -2.2481496714296565,
      "snr_db": 1.731250415290719,
      "w_mean": 0.24445508642832814,
      "scale_ratio": 0.26042927474388977,
      "dt_corr": 0.6852222695841196,
      "file": "rx_qpsk_25m_p3_txg19.npz",
      "tx_gain": 19
    },
    {
      "ber": {
        "ls_p0": 0.20255721299523843,
        "ls": 0.17924461723680313,
        "lmmse_pdp": 0.17153054551693891,
        "lmmse_empirical": 0.1682683510895815,
        "dt_assisted_ls": 0.20402496020151276,
        "dt_assisted_lmmse": 0.21409063126523592
      },
      "mse": {
        "ls_p0": 0.15494954283730353,
        "ls": 0.15494954283730353,
        "lmmse_pdp": 0.1189928477832328,
        "lmmse_empirical": 0.11829540182150346,
        "dt_assisted_ls": 0.06453016658271586,
        "dt_assisted_lmmse": 0.09528529169302254
      },
      "h_power": 0.19784797728061676,
      "n_frames": 4877,
      "n_bits": 22473216,
      "cfo_hz": -517.1193928571679,
      "sigma_w_sq": 0.10548311913016635,
      "ebn0_db": -0.2560959856945327,
      "snr_db": 3.7233041010258434,
      "w_mean": 0.33237480718706536,
      "scale_ratio": 0.4014408789537041,
      "dt_corr": 0.6878399546884811,
      "file": "rx_qpsk_25m_p3_txg21.npz",
      "tx_gain": 21
    },
    {
      "ber": {
        "ls_p0": 0.1509913845886588,
        "ls": 0.13098610363554553,
        "lmmse_pdp": 0.12633452194826053,
        "lmmse_empirical": 0.12220707530244003,
        "dt_assisted_ls": 0.15840741262843733,
        "dt_assisted_lmmse": 0.19307067577688924
      },
      "mse": {
        "ls_p0": 0.17870131281972435,
        "ls": 0.17870131281972435,
        "lmmse_pdp": 0.14118444993686866,
        "lmmse_empirical": 0.1394719420304632,
        "dt_assisted_ls": 0.08873655637779317,
        "dt_assisted_lmmse": 0.14916320960605142
      },
      "h_power": 0.3213100731372833,
      "n_frames": 4877,
      "n_bits": 22473216,
      "cfo_hz": -520.9635349095907,
      "sigma_w_sq": 0.10548311913016635,
      "ebn0_db": 1.7712603942976441,
      "snr_db": 5.75066048101802,
      "w_mean": 0.44648107384548924,
      "scale_ratio": 0.6519500474546771,
      "dt_corr": 0.6911159024203137,
      "file": "rx_qpsk_25m_p3_txg23.npz",
      "tx_gain": 23
    },
    {
      "ber": {
        "ls_p0": 0.11073448499760782,
        "ls": 0.09525468006003235,
        "lmmse_pdp": 0.09371947477388194,
        "lmmse_empirical": 0.08901867894652905,
        "dt_assisted_ls": 0.12265200494668854,
        "dt_assisted_lmmse": 0.18060597112580593
      },
      "mse": {
        "ls_p0": 0.2257051492196511,
        "ls": 0.2257051492196511,
        "lmmse_pdp": 0.1856198344750218,
        "lmmse_empirical": 0.18060766850007778,
        "dt_assisted_ls": 0.12416346075148992,
        "dt_assisted_lmmse": 0.23907239490339083
      },
      "h_power": 0.5031859278678894,
      "n_frames": 4877,
      "n_bits": 22473216,
      "cfo_hz": -533.9185975999494,
      "sigma_w_sq": 0.10548311913016635,
      "ebn0_db": 3.7557224089836994,
      "snr_db": 7.735122495704076,
      "w_mean": 0.5575796241741685,
      "scale_ratio": 1.020982897762537,
      "dt_corr": 0.6867176231036225,
      "file": "rx_qpsk_25m_p3_txg25.npz",
      "tx_gain": 25
    },
    {
      "ber": {
        "ls_p0": 0.08014225892409534,
        "ls": 0.06850580151649804,
        "lmmse_pdp": 0.07026794895349102,
        "lmmse_empirical": 0.06442935850765655,
        "dt_assisted_ls": 0.09261414859345092,
        "dt_assisted_lmmse": 0.1787781423753532
      },
      "mse": {
        "ls_p0": 0.29443222711523903,
        "ls": 0.29443222711523903,
        "lmmse_pdp": 0.25046504368974987,
        "lmmse_empirical": 0.24118051811987082,
        "dt_assisted_ls": 0.1789841815237356,
        "dt_assisted_lmmse": 0.37832469766176885
      },