{
  "position": "p5",
  "bw": "25m",
  "modulation": "qpsk",
  "receivers": [
    "ls_p0",
    "ls",
    "lmmse_pdp",
    "lmmse_empirical",
    "dt_assisted_ls",
    "dt_assisted_lmmse"
  ],
  "P_cal": 0.49284461960196496,
  "r_hh_pdp": {
    "model": "measured_pdp",
    "n_taps": 50,
    "eff_rank": 173,
    "trace": 189.25233368884966
  },
  "r_hh_empirical": {
    "n_positions": 20,
    "eff_rank": 173,
    "trace": 210.45192562012443
  },
  "captures": [
    {
      "ber": {
        "ls_p0": 0.33416926175586087,
        "ls": 0.3100144634395006,
        "lmmse_pdp": 0.2941131344975281,
        "lmmse_empirical": 0.29918027753571186,
        "dt_assisted_ls": 0.29002328816667805,
        "dt_assisted_lmmse": 0.253779387872212
      },
      "mse": {
        "ls_p0": 0.11003306998304846,
        "ls": 0.11003306998304846,
        "lmmse_pdp": 0.07759473024119465,
        "lmmse_empirical": 0.08026053093672951,
        "dt_assisted_ls": 0.025257988043792604,
        "dt_assisted_lmmse": 0.010755652757274586
      },
      "h_power": 0.07160879671573639,
      "n_frames": 4877,
      "n_bits": 22473216,
      "cfo_hz": -428.6631326848536,
      "sigma_w_sq": 0.10311018210800604,
      "ebn0_db": -5.143818424465656,
      "snr_db": -1.1644183377452793,
      "w_mean": 0.15611394182526397,
      "scale_ratio": 0.14529690264970255,
      "dt_corr": 0.7650966169554875,
      "file": "rx_qpsk_25m_p5_txg13.npz",
      "tx_gain": 13
    },
    {
      "ber": {
        "ls_p0": 0.28103334209042447,
        "ls": 0.254986113246987,
        "lmmse_pdp": 0.2389207668363976,
        "lmmse_empirical": 0.24396971043218738,
        "dt_assisted_ls": 0.24888738665618665,
        "dt_assisted_lmmse": 0.2064677347469984
      },
      "mse": {
        "ls_p0": 0.11306947365338628,
        "ls": 0.11306947365338628,
        "lmmse_pdp": 0.0802641224773328,
        "lmmse_empirical": 0.08320201508307554,
        "dt_assisted_ls": 0.035774475298090726,
        "dt_assisted_lmmse": 0.014411485713443244
      },
      "h_power": 0.11421781033277512,
      "n_frames": 4877,
      "n_bits": 22473216,
      "cfo_hz": -440.62920695736557,
      "sigma_w_sq": 0.10311018210800604,
      "ebn0_db": -3.141644001210921,
      "snr_db": 0.8377560855094555,
      "w_mean": 0.22758868561581136,
      "scale_ratio": 0.23175217054214897,
      "dt_corr": 0.7672025623252532,
      "file": "rx_qpsk_25m_p5_txg15.npz",
      "tx_gain": 15
    },
    {
      "ber": {
        "ls_p0": 0.2223582508173285,
        "ls": 0.19676858888376278,
        "lmmse_pdp": 0.18215319071378125,
        "lmmse_empirical": 0.1870456814013624,
        "dt_assisted_ls": 0.20697326986934136,
        "dt_assisted_lmmse": 0.1596890271512542
      },
      "mse": {
        "ls_p0": 0.11897917307084308,
        "ls": 0.11897917307084308,
        "lmmse_pdp": 0.08546886618626108,
        "lmmse_empirical": 0.08879764728761343,
        "dt_assisted_ls": 0.0505220723461905,
        "dt_assisted_lmmse": 0.02050817404686242
      },
      "h_power": 0.18552792072296143,
      "n_frames": 4877,
      "n_bits": 22473216,
      "cfo_hz": -450.7880538634987,
      "sigma_w_sq": 0.10311018210800604,
      "ebn0_db": -1.0509277216337027,
      "snr_db": 2.928472365086674,
      "w_mean": 0.32326253622719836,
      "scale_ratio": 0.37644302756677944,
      "dt_corr": 0.762685740736127,
      "file": "rx_qpsk_25m_p5_txg17.npz",
      "tx_gain": 17
    },
    {
      "ber": {
        "ls_p0": 0.16631567106372314,
        "ls": 0.14356263028842867,
        "lmmse_pdp": 0.1317293439443647,
        "lmmse_empirical": 0.13612297412172783,
        "dt_assisted_ls": 0.16401786909359123,
        "dt_assisted_lmmse": 0.1185347482087121
      },
      "mse": {
        "ls_p0": 0.1281385524385673,
        "ls": 0.1281385524385673,
        "lmmse_pdp": 0.09359843153543024,
        "lmmse_empirical": 0.09741892580236945,
        "dt_assisted_ls": 0.06605292862814374,
        "dt_assisted_lmmse": 0.029806496256424942
      },
      "h_power": 0.29411518573760986,
      "n_frames": 4877,
      "n_bits": 22473216,
      "cfo_hz": -454.5552896387389,
      "sigma_w_sq": 0.10311018210800604,
      "ebn0_db": 0.9309002039089754,
      "snr_db": 4.910300290629351,
      "w_mean": 0.43039269362045723,
      "scale_ratio": 0.5967706129675221,
      "dt_corr": 0.765544622959283,
      "file": "rx_qpsk_25m_p5_txg19.npz",
      "tx_gain": 19
    },
    {
      "ber": {
        "ls_p0": 0.12028883627514637,
        "ls": 0.10189863346661199,
        "lmmse_pdp": 0.0929467771768847,
        "lmmse_empirical": 0.0973951836710865,
        "dt_assisted_ls": 0.125630528358736,
        "dt_assisted_lmmse": 0.08696236444307748
      },
      "mse": {
        "ls_p0": 0.14106605148194248,
        "ls": 0.14106605148194248,
        "lmmse_pdp": 0.10512898545326127,
        "lmmse_empirical": 0.1099505462560851,
        "dt_assisted_ls": 0.08402789079010857,
        "dt_assisted_lmmse": 0.04247973950034433
      },
      "h_power": 0.45500966906547546,
      "n_frames": 4877,
      "n_bits": 22473216,
      "cfo_hz": -432.3511200302287,
      "sigma_w_sq": 0.10311018210800604,
      "ebn0_db": 2.826309125656956,
      "snr_db": 6.805709212377332,
      "w_mean": 0.5383886540319747,
      "scale_ratio": 0.9232314830441974,
      "dt_corr": 0.7663696152824612,
      "file": "rx_qpsk_25m_p5_txg21.npz",
      "tx_gain": 21
    },
    {
      "ber": {
        "ls_p0": 0.08285458565431846,
        "ls": 0.0692185310727223,
        "lmmse_pdp": 0.0630947969351605,
        "lmmse_empirical": 0.06761386532305835,
        "dt_assisted_ls": 0.08991441189369603,
        "dt_assisted_lmmse": 0.062323834737315745
      },
      "mse": {
        "ls_p0": 0.16397850770138236,
        "ls": 0.16397850770138236,
        "lmmse_pdp": 0.12527654602996455,
        "lmmse_empirical": 0.13152176217319736,
        "dt_assisted_ls": 0.10834428450138898,
        "dt_assisted_lmmse": 0.06367165451863398
      },
      "h_power": 0.7155354619026184,
      "n_frames": 4877,
      "n_bits": 22473216,
      "cfo_hz": -440.64768685725346,
      "sigma_w_sq": 0.10311018210800604,
      "ebn0_db": 4.799510492998803,
      "snr_db": 8.778910579719179,
      "w_mean": 0.646639009773922,
      "scale_ratio": 1.4518479728570532,
      "dt_corr": 0.7681164306768847,
      "file": "rx_qpsk_25m_p5_txg23.npz",
      "tx_gain": 23
    },
    {
      "ber": {
        "ls_p0": 0.05346124026040599,
        "ls": 0.04418744517918575,
        "lmmse_pdp": 0.04060882963969198,
        "lmmse_empirical": 0.04543292780169959,
        "dt_assisted_ls": 0.06000814480668899,
        "dt_assisted_lmmse": 0.04437388934454241
      },
      "mse": {
        "ls_p0": 0.20551799272498358,
        "ls": 0.20551799272498358,
        "lmmse_pdp": 0.16220539641251222,
        "lmmse_empirical": 0.17045677939268972,
        "dt_assisted_ls": 0.14864493326225,
        "dt_assisted_lmmse": 0.10775380437588622
      },
      "h_power": 1.1421278715133667,
      "n_frames": 4877,
      "n_bits": 22473216,
      "cfo_hz": -441.57162299367513,
      "sigma_w_sq": 0.10311018210800604,
      "ebn0_db": 6.845626559799526,
      "snr_db": 10.825026646519902,
      "w_mean": 0.7445661198666169,
      "scale_ratio": 2.317419783208308,
      "dt_corr": 0.7609112790524393,
      "file": "rx_qpsk_25m_p5_txg25.npz",
      "tx_gain": 25
    },
    {
      "ber": {
        "ls_p0": 0.03524751419645501,
        "ls": 0.02914318093146971,
        "lmmse_pdp": 0.027000185465222246,
        "lmmse_empirical": 0.032527876740026884,
        "dt_assisted_ls": 0.03841417267559748,
        "dt_assisted_lmmse": 0.03149669366413779
      },
      "mse": {
        "ls_p0": 0.2528390087678749,
        "ls": 0.2528390087678749,
        "lmmse_pdp": 0.20430090452108735,
        "lmmse_empirical": 0.2161876724607862,
        "dt_assisted_ls": 0.19747940471846456,
        "dt_assisted_lmmse": 0.15420840977222244
      },
      "h_power": 1.8218854665756226,