{
  "position": "p1",
  "bw": "25m",
  "modulation": "qpsk",
  "receivers": [
    "ls_p0",
    "ls",
    "lmmse_pdp",
    "lmmse_empirical",
    "dt_assisted_ls",
    "dt_assisted_lmmse"
  ],
  "P_cal": 0.49284461960196496,
  "r_hh_pdp": {
    "model": "measured_pdp",
    "n_taps": 50,
    "eff_rank": 173,
    "trace": 189.25233368884966
  },
  "r_hh_empirical": {
    "n_positions": 20,
    "eff_rank": 173,
    "trace": 210.45192562012443
  },
  "captures": [
    {
      "ber": {
        "ls_p0": 0.1355178092890666,
        "ls": 0.11718652105688834,
        "lmmse_pdp": 0.1088031637305493,
        "lmmse_empirical": 0.11201690047387966,
        "dt_assisted_ls": 0.12481711562777664,
        "dt_assisted_lmmse": 0.10128910788736245
      },
      "mse": {
        "ls_p0": 0.16080034054725678,
        "ls": 0.16080034054725678,
        "lmmse_pdp": 0.12823052858865866,
        "lmmse_empirical": 0.1303840182375264,
        "dt_assisted_ls": 0.05259069604952305,
        "dt_assisted_lmmse": 0.050444459338193096
      },
      "h_power": 0.3180594742298126,
      "n_frames": 4877,
      "n_bits": 22473216,
      "cfo_hz": -561.7232912757797,
      "sigma_w_sq": 0.09042880578269108,
      "ebn0_db": 2.354764834158444,
      "snr_db": 6.33416492087882,
      "w_mean": 0.48205382981540246,
      "scale_ratio": 0.6453544617909927,
      "dt_corr": 0.9082421749805833,
      "file": "rx_qpsk_25m_p1_txg13.npz",
      "tx_gain": 13
    },
    {
      "ber": {
        "ls_p0": 0.09659258381176954,
        "ls": 0.08265376882418608,
        "lmmse_pdp": 0.07660479034242362,
        "lmmse_empirical": 0.07964632209293053,
        "dt_assisted_ls": 0.09004269793873738,
        "dt_assisted_lmmse": 0.07896346477513498
      },
      "mse": {
        "ls_p0": 0.20063353892552394,
        "ls": 0.20063353892552394,
        "lmmse_pdp": 0.1638028075431188,
        "lmmse_empirical": 0.16609273619869874,
        "dt_assisted_ls": 0.08446519904896779,
        "dt_assisted_lmmse": 0.07894649965809898
      },
      "h_power": 0.49855780601501465,
      "n_frames": 4877,
      "n_bits": 22473216,
      "cfo_hz": -547.3523481685589,
      "sigma_w_sq": 0.09042880578269108,
      "ebn0_db": 4.306825340560571,
      "snr_db": 8.286225427280948,
      "w_mean": 0.592752500142566,
      "scale_ratio": 1.0115922669860204,
      "dt_corr": 0.9080243726377975,
      "file": "rx_qpsk_25m_p1_txg15.npz",
      "tx_gain": 15
    },
    {
      "ber": {
        "ls_p0": 0.06562159970034637,
        "ls": 0.05600662933814146,
        "lmmse_pdp": 0.05223056096755081,
        "lmmse_empirical": 0.05533992136940571,
        "dt_assisted_ls": 0.06061799645087047,
        "dt_assisted_lmmse": 0.06158534609709689
      },
      "mse": {
        "ls_p0": 0.2719257409144441,
        "ls": 0.2719257409144441,
        "lmmse_pdp": 0.229014883858003,
        "lmmse_empirical": 0.2319759908382589,
        "dt_assisted_ls": 0.1455087031202138,
        "dt_assisted_lmmse": 0.13757356113762823
      },
      "h_power": 0.8079898953437805,
      "n_frames": 4876,
      "n_bits": 22468608,
      "cfo_hz": -564.5530910756067,
      "sigma_w_sq": 0.09042880578269108,
      "ebn0_db": 6.413273047136664,
      "snr_db": 10.39267313385704,
      "w_mean": 0.7018000285932642,
      "scale_ratio": 1.6394414450467891,
      "dt_corr": 0.9049863466317113,
      "file": "rx_qpsk_25m_p1_txg17.npz",
      "tx_gain": 17
    },
    {
      "ber": {
        "ls_p0": 0.046269355004101724,
        "ls": 0.040077115591673505,
        "lmmse_pdp": 0.03783803607237262,
        "lmmse_empirical": 0.04127861414467687,
        "dt_assisted_ls": 0.04176453654805852,
        "dt_assisted_lmmse": 0.05163470741044572
      },
      "mse": {
        "ls_p0": 0.36838795203939795,
        "ls": 0.36838795203939795,
        "lmmse_pdp": 0.314800793539426,
        "lmmse_empirical": 0.3173927928863922,
        "dt_assisted_ls": 0.2362236724311709,
        "dt_assisted_lmmse": 0.20557124421587075
      },
      "h_power": 1.2732257843017578,
      "n_frames": 4876,
      "n_bits": 22468608,
      "cfo_hz": -565.2233998731083,
      "sigma_w_sq": 0.09042880578269108,
      "ebn0_db": 8.369222588014459,
      "snr_db": 12.348622674734838,
      "w_mean": 0.7873157606928965,
      "scale_ratio": 2.5834223072782057,
      "dt_corr": 0.9031351636153039,
      "file": "rx_qpsk_25m_p1_txg19.npz",
      "tx_gain": 19
    },
    {
      "ber": {
        "ls_p0": 0.03340616670084068,
        "ls": 0.029433660051147108,
        "lmmse_pdp": 0.02819302764677739,
        "lmmse_empirical": 0.03226142622399927,
        "dt_assisted_ls": 0.030256506233909734,
        "dt_assisted_lmmse": 0.045102801486000044
      },
      "mse": {
        "ls_p0": 0.5266429186160094,
        "ls": 0.5266429186160094,
        "lmmse_pdp": 0.45666596562789447,
        "lmmse_empirical": 0.45973868021264386,
        "dt_assisted_ls": 0.3865827669173466,
        "dt_assisted_lmmse": 0.3252116689467796
      },
      "h_power": 1.9821056127548218,
      "n_frames": 4877,
      "n_bits": 22473216,
      "cfo_hz": -565.5026004858104,
      "sigma_w_sq": 0.09042880578269108,
      "ebn0_db": 10.295198736535296,
      "snr_db": 14.274598823255673,
      "w_mean": 0.8519576895768243,
      "scale_ratio": 4.021765753181247,
      "dt_corr": 0.903193885442358,
      "file": "rx_qpsk_25m_p1_txg21.npz",
      "tx_gain": 21
    },
    {
      "ber": {
        "ls_p0": 0.02535102230139202,
        "ls": 0.022472974050531974,
        "lmmse_pdp": 0.02176239484371084,
        "lmmse_empirical": 0.0265888068712551,
        "dt_assisted_ls": 0.023011926730913814,
        "dt_assisted_lmmse": 0.03876227594662019
      },
      "mse": {
        "ls_p0": 0.7855288644775577,
        "ls": 0.7855288644775577,
        "lmmse_pdp": 0.6914040507160183,
        "lmmse_empirical": 0.6968311984590385,
        "dt_assisted_ls": 0.6399000802259961,
        "dt_assisted_lmmse": 0.5398022793633337
      },
      "h_power": 3.150355100631714,
      "n_frames": 4877,
      "n_bits": 22473216,
      "cfo_hz": -570.6959881789815,
      "sigma_w_sq": 0.09042880578269108,
      "ebn0_db": 12.309004712105132,
      "snr_db": 16.28840479882551,
      "w_mean": 0.9013511002546366,
      "scale_ratio": 6.392187264164573,
      "dt_corr": 0.9058837007746589,
      "file": "rx_qpsk_25m_p1_txg23.npz",
      "tx_gain": 23
    },
    {
      "ber": {
        "ls_p0": 0.019336489381095615,
        "ls": 0.017171468744303163,
        "lmmse_pdp": 0.016862904902698022,
        "lmmse_empirical": 0.022544387262441894,
        "dt_assisted_ls": 0.017565440636108834,
        "dt_assisted_lmmse": 0.03307672642648801
      },
      "mse": {
        "ls_p0": 1.1384029720306108,
        "ls": 1.1384029720306108,
        "lmmse_pdp": 1.005951878626398,
        "lmmse_empirical": 1.010841079214459,
        "dt_assisted_ls": 0.9978980846343904,
        "dt_assisted_lmmse": 0.8061500515788739
      },
      "h_power": 5.053809642791748,
      "n_frames": 4876,
      "n_bits": 22468608,
      "cfo_hz": -565.4153425071078,
      "sigma_w_sq": 0.09042880578269108,
      "ebn0_db": 14.314716851275245,
      "snr_db": 18.294116937995618,
      "w_mean": 0.9360879792618119,
      "scale_ratio": 10.254367079980188,
      "dt_corr": 0.9076797596516528,
      "file": "rx_qpsk_25m_p1_txg25.npz",
      "tx_gain": 25
    },
    {
      "ber": {
        "ls_p0": 0.0148757769061617,
        "ls": 0.013256985034408897,
        "lmmse_pdp": 0.013316801824127245,
        "lmmse_empirical": 0.019733176171839395,
        "dt_assisted_ls": 0.013546500076907301,
        "dt_assisted_lmmse": 0.03164704284306353
      },
      "mse": {
        "ls_p0": 1.8729692613674274,
        "ls": 1.8729692613674274,
        "lmmse_pdp": 1.6686282396010423,
        "lmmse_empirical": 1.6743871666716028,
        "dt_assisted_ls": 1.713672899025474,
        "dt_assisted_lmmse": 1.3803088617246584
      },
      "h_power": 7.7843475341796875,