{
  "position": "p2",
  "bw": "25m",
  "modulation": "16qam",
  "receivers": [
    "ls_p0",
    "ls",
    "lmmse_pdp",
    "lmmse_empirical",
    "dt_assisted_ls",
    "dt_assisted_lmmse"
  ],
  "P_cal": 0.49284461960196496,
  "r_hh_pdp": {
    "model": "measured_pdp",
    "n_taps": 50,
    "eff_rank": 173,
    "trace": 189.25233368884966
  },
  "r_hh_empirical": {
    "n_positions": 20,
    "eff_rank": 173,
    "trace": 210.45192562012443
  },
  "captures": [
    {
      "ber": {
        "ls_p0": 0.42347943851261277,
        "ls": 0.41127133910565356,
        "lmmse_pdp": 0.41496522615019144,
        "lmmse_empirical": 0.4164681897516749,
        "dt_assisted_ls": 0.39440438410781836,
        "dt_assisted_lmmse": 0.3798599583917259
      },
      "mse": {
        "ls_p0": 0.10313931628939804,
        "ls": 0.10313931628939804,
        "lmmse_pdp": 0.07374879821101833,
        "lmmse_empirical": 0.07585395110463466,
        "dt_assisted_ls": 0.015163877762632826,
        "dt_assisted_lmmse": 0.012152134285929223
      },
      "h_power": 0.0571458674967289,
      "n_frames": 4876,
      "n_bits": 44937216,
      "cfo_hz": -427.2133492610953,
      "sigma_w_sq": 0.09746340274760994,
      "ebn0_db": -8.793908923103611,
      "snr_db": -1.8042088797434221,
      "w_mean": 0.1351346672450976,
      "scale_ratio": 0.11595108320931147,
      "dt_corr": 0.8403350325530167,
      "file": "rx_16qam_25m_p2_txg13.npz",
      "tx_gain": 13
    },
    {
      "ber": {
        "ls_p0": 0.39206607100648166,
        "ls": 0.37730489930769145,
        "lmmse_pdp": 0.38276798033712667,
        "lmmse_empirical": 0.38451174500347435,
        "dt_assisted_ls": 0.36488540402940106,
        "dt_assisted_lmmse": 0.34747338787648374
      },
      "mse": {
        "ls_p0": 0.10536629113005958,
        "ls": 0.10536629113005958,
        "lmmse_pdp": 0.07579740070546596,
        "lmmse_empirical": 0.07789655205754435,
        "dt_assisted_ls": 0.022249134923086115,
        "dt_assisted_lmmse": 0.018182253200766715
      },
      "h_power": 0.09072598069906235,
      "n_frames": 4877,
      "n_bits": 44946432,
      "cfo_hz": -440.80811742577424,
      "sigma_w_sq": 0.09746340274760994,
      "ebn0_db": -6.864987197758027,
      "snr_db": 0.12471284560216181,
      "w_mean": 0.19855739892881652,
      "scale_ratio": 0.18408637751252144,
      "dt_corr": 0.8411452913387841,
      "file": "rx_16qam_25m_p2_txg15.npz",
      "tx_gain": 15
    },
    {
      "ber": {
        "ls_p0": 0.35263241807492085,
        "ls": 0.3359489580841478,
        "lmmse_pdp": 0.3423936298213838,
        "lmmse_empirical": 0.34422799122297404,
        "dt_assisted_ls": 0.3302850602245802,
        "dt_assisted_lmmse": 0.31192916492236805
      },
      "mse": {
        "ls_p0": 0.1080425830426031,
        "ls": 0.1080425830426031,
        "lmmse_pdp": 0.07854236133663747,
        "lmmse_empirical": 0.08036737137081196,
        "dt_assisted_ls": 0.032855946995947745,
        "dt_assisted_lmmse": 0.02955561495750416
      },
      "h_power": 0.14709876477718353,
      "n_frames": 4877,
      "n_bits": 44946432,
      "cfo_hz": -441.2260279799761,
      "sigma_w_sq": 0.09746340274760994,
      "ebn0_db": -4.839270506764624,
      "snr_db": 2.1504295365955644,
      "w_mean": 0.2862136761356983,
      "scale_ratio": 0.29846884581185973,
      "dt_corr": 0.8359810637241396,
      "file": "rx_16qam_25m_p2_txg17.npz",
      "tx_gain": 17
    },
    {
      "ber": {
        "ls_p0": 0.3107482702965165,
        "ls": 0.2931688993689199,
        "lmmse_pdp": 0.29947930015890917,
        "lmmse_empirical": 0.3014413691391566,
        "dt_assisted_ls": 0.29316286996930035,
        "dt_assisted_lmmse": 0.2772523300625954
      },
      "mse": {
        "ls_p0": 0.11405082654892248,
        "ls": 0.11405082654892248,
        "lmmse_pdp": 0.08405550968408063,
        "lmmse_empirical": 0.08606988366844617,
        "dt_assisted_ls": 0.044375409218159016,
        "dt_assisted_lmmse": 0.04286837815566855
      },
      "h_power": 0.23164212703704834,
      "n_frames": 4877,
      "n_bits": 44946432,
      "cfo_hz": -451.36125842029827,
      "sigma_w_sq": 0.09746340274760994,
      "ebn0_db": -2.8706976533791053,
      "snr_db": 4.119002389981083,
      "w_mean": 0.3865579869023194,
      "scale_ratio": 0.47001046135824504,
      "dt_corr": 0.841515613222265,
      "file": "rx_16qam_25m_p2_txg19.npz",
      "tx_gain": 19
    },
    {
      "ber": {
        "ls_p0": 0.26530980256675324,
        "ls": 0.24730098709503792,
        "lmmse_pdp": 0.2533459830582325,
        "lmmse_empirical": 0.25535366188800035,
        "dt_assisted_ls": 0.25265131167697585,
        "dt_assisted_lmmse": 0.24466909853934568
      },
      "mse": {
        "ls_p0": 0.12381467485475522,
        "ls": 0.12381467485475522,
        "lmmse_pdp": 0.09323354614981377,
        "lmmse_empirical": 0.09495526803663615,
        "dt_assisted_ls": 0.059095229093239686,
        "dt_assisted_lmmse": 0.06617019274138927
      },
      "h_power": 0.3649402856826782,
      "n_frames": 4877,
      "n_bits": 44946432,
      "cfo_hz": -451.03208887187424,
      "sigma_w_sq": 0.09746340274760994,
      "ebn0_db": -0.9089286016901245,
      "snr_db": 6.0807714416700644,
      "w_mean": 0.4976107120747568,
      "scale_ratio": 0.740477365822547,
      "dt_corr": 0.8448306513691806,
      "file": "rx_16qam_25m_p2_txg21.npz",
      "tx_gain": 21
    },
    {
      "ber": {
        "ls_p0": 0.21911783787420547,
        "ls": 0.2013135547667054,
        "lmmse_pdp": 0.2067380120406443,
        "lmmse_empirical": 0.20906831937182466,
        "dt_assisted_ls": 0.2106550971609938,
        "dt_assisted_lmmse": 0.21627196125378761
      },
      "mse": {
        "ls_p0": 0.13318727029677388,
        "ls": 0.13318727029677388,
        "lmmse_pdp": 0.10239728351671279,
        "lmmse_empirical": 0.10390215806875759,
        "dt_assisted_ls": 0.07688123134368431,
        "dt_assisted_lmmse": 0.09987573945305879
      },
      "h_power": 0.5806508660316467,
      "n_frames": 4877,
      "n_bits": 44946432,
      "cfo_hz": -456.77900023599807,
      "sigma_w_sq": 0.09746340274760994,
      "ebn0_db": 1.0582440572462979,
      "snr_db": 8.047944100606486,
      "w_mean": 0.6112295912565168,
      "scale_ratio": 1.1781621284627122,
      "dt_corr": 0.8451693358023002,
      "file": "rx_16qam_25m_p2_txg23.npz",
      "tx_gain": 23
    },
    {
      "ber": {
        "ls_p0": 0.17185346325154352,
        "ls": 0.15514608590065615,
        "lmmse_pdp": 0.16003510578993232,
        "lmmse_empirical": 0.1624705827594947,
        "dt_assisted_ls": 0.16661235757267673,
        "dt_assisted_lmmse": 0.1931732200678354
      },
      "mse": {
        "ls_p0": 0.16150389596596484,
        "ls": 0.16150389596596484,
        "lmmse_pdp": 0.12890137413635158,
        "lmmse_empirical": 0.12994961034906719,
        "dt_assisted_ls": 0.10593731068338985,
        "dt_assisted_lmmse": 0.1622516571050697
      },
      "h_power": 0.9156603217124939,
      "n_frames": 4877,
      "n_bits": 44946432,
      "cfo_hz": -472.74344035863135,
      "sigma_w_sq": 0.09746340274760994,
      "ebn0_db": 3.07189448462569,
      "snr_db": 10.061594527985878,
      "w_mean": 0.7121494253455377,
      "scale_ratio": 1.8579087308531574,
      "dt_corr": 0.8419009532167785,
      "file": "rx_16qam_25m_p2_txg25.npz",
      "tx_gain": 25
    },
    {
      "ber": {
        "ls_p0": 0.13022537933814146,
        "ls": 0.11561693096430362,
        "lmmse_pdp": 0.12017537980100948,
        "lmmse_empirical": 0.1223885565140484,
        "dt_assisted_ls": 0.12574443864079163,
        "dt_assisted_lmmse": 0.173749125891555
      },
      "mse": {
        "ls_p0": 0.19524968777454635,
        "ls": 0.19524968777454635,
        "lmmse_pdp": 0.16103702324532349,
        "lmmse_empirical": 0.16122474971415185,
        "dt_assisted_ls": 0.14249239731504534,
        "dt_assisted_lmmse": 0.24910445464619105
      },