{
  "position": "p3",
  "bw": "50m",
  "modulation": "16qam",
  "receivers": [
    "ls_p0",
    "ls",
    "lmmse_pdp",
    "lmmse_empirical",
    "dt_assisted_ls",
    "dt_assisted_lmmse"
  ],
  "P_cal": 0.43358522430062296,
  "r_hh_pdp": {
    "model": "measured_pdp",
    "n_taps": 50,
    "eff_rank": 173,
    "trace": 166.49672781034508
  },
  "r_hh_empirical": {
    "n_positions": 20,
    "eff_rank": 173,
    "trace": 183.08002844553036
  },
  "captures": [
    {
      "ber": {
        "ls_p0": 0.2686051690796374,
        "ls": 0.25004490503154864,
        "lmmse_pdp": 0.2570488705913079,
        "lmmse_empirical": 0.25248270197054073,
        "dt_assisted_ls": 0.26691370286955185,
        "dt_assisted_lmmse": 0.3026276564529018
      },
      "mse": {
        "ls_p0": 0.405493073976163,
        "ls": 0.405493073976163,
        "lmmse_pdp": 0.24970964955124036,
        "lmmse_empirical": 0.23889763416275014,
        "dt_assisted_ls": 0.2157105486910897,
        "dt_assisted_lmmse": 0.35444805717873407
      },
      "h_power": 0.6105697154998779,
      "n_frames": 6674,
      "n_bits": 61507584,
      "cfo_hz": -497.0087298034403,
      "sigma_w_sq": 0.2042854320318799,
      "ebn0_db": -0.9625836479995089,
      "snr_db": 6.02711639536068,
      "w_mean": 0.610909487882625,
      "scale_ratio": 1.4081884743298911,
      "dt_corr": 0.5974130549167332,
      "file": "rx_16qam_50m_p3_txg27.npz",
      "tx_gain": 27
    },
    {
      "ber": {
        "ls_p0": 0.22506878373384212,
        "ls": 0.20674099168543156,
        "lmmse_pdp": 0.21208956934918752,
        "lmmse_empirical": 0.20643517802301065,
        "dt_assisted_ls": 0.22161287784051842,
        "dt_assisted_lmmse": 0.2821145751863598
      },
      "mse": {
        "ls_p0": 0.5982917325146279,
        "ls": 0.5982917325146279,
        "lmmse_pdp": 0.3871492439916994,
        "lmmse_empirical": 0.3731344224312101,
        "dt_assisted_ls": 0.34698930052940546,
        "dt_assisted_lmmse": 0.5529514446183408
      },
      "h_power": 0.8775534629821777,
      "n_frames": 9696,
      "n_bits": 89358336,
      "cfo_hz": -515.0417378124297,
      "sigma_w_sq": 0.2042854320318799,
      "ebn0_db": 0.9915127244442633,
      "snr_db": 7.98121276780445,
      "w_mean": 0.6924337938026347,
      "scale_ratio": 2.0239468824097493,
      "dt_corr": 0.5838431260420636,
      "file": "rx_16qam_50m_p3_txg29.npz",
      "tx_gain": 29
    },
    {
      "ber": {
        "ls_p0": 0.18302315179506667,
        "ls": 0.16545146449573614,
        "lmmse_pdp": 0.17073259165684668,
        "lmmse_empirical": 0.16311067650516334,
        "dt_assisted_ls": 0.17503160810960822,
        "dt_assisted_lmmse": 0.26519662049845727
      },
      "mse": {
        "ls_p0": 0.6546750923397436,
        "ls": 0.6546750923397436,
        "lmmse_pdp": 0.4683713206560666,
        "lmmse_empirical": 0.43794634045453107,
        "dt_assisted_ls": 0.44637215073125297,
        "dt_assisted_lmmse": 0.867500091517658
      },
      "h_power": 1.4056555032730103,
      "n_frames": 9759,
      "n_bits": 89938944,
      "cfo_hz": -544.7179857387256,
      "sigma_w_sq": 0.2042854320318799,
      "ebn0_db": 2.6536958746022465,
      "snr_db": 9.643395917962433,
      "w_mean": 0.7824478182728885,
      "scale_ratio": 3.241935897470551,
      "dt_corr": 0.5835200997779881,
      "file": "rx_16qam_50m_p3_txg31.npz",
      "tx_gain": 31
    }
  ]
}