{
  "position": "p5",
  "bw": "50m",
  "modulation": "16qam",
  "receivers": [
    "ls_p0",
    "ls",
    "lmmse_pdp",
    "lmmse_empirical",
    "dt_assisted_ls",
    "dt_assisted_lmmse"
  ],
  "P_cal": 0.43358522430062296,
  "r_hh_pdp": {
    "model": "measured_pdp",
    "n_taps": 50,
    "eff_rank": 173,
    "trace": 166.49672781034508
  },
  "r_hh_empirical": {
    "n_positions": 20,
    "eff_rank": 173,
    "trace": 183.08002844553036
  },
  "captures": [
    {
      "ber": {
        "ls_p0": 0.29675607167312995,
        "ls": 0.28009537311084914,
        "lmmse_pdp": 0.2818409713502517,
        "lmmse_empirical": 0.2858610780118218,
        "dt_assisted_ls": 0.28536118531758237,
        "dt_assisted_lmmse": 0.25522644006822015
      },
      "mse": {
        "ls_p0": 0.29732575067510747,
        "ls": 0.29732575067510747,
        "lmmse_pdp": 0.169216312221844,
        "lmmse_empirical": 0.1746968470024794,
        "dt_assisted_ls": 0.1143322905710856,
        "dt_assisted_lmmse": 0.10298758618864788
      },
      "h_power": 0.4053286612033844,
      "n_frames": 9756,
      "n_bits": 89911296,
      "cfo_hz": -515.3165487788224,
      "sigma_w_sq": 0.2374210825268829,
      "ebn0_db": -3.896179967141597,
      "snr_db": 3.0935200762185917,
      "w_mean": 0.4737767383258385,
      "scale_ratio": 0.9348304289132162,
      "dt_corr": 0.7870326782055836,
      "file": "rx_16qam_50m_p5_txg23.npz",
      "tx_gain": 23
    },
    {
      "ber": {
        "ls_p0": 0.25062402104708553,
        "ls": 0.2338113201629092,
        "lmmse_pdp": 0.23385137636043626,
        "lmmse_empirical": 0.23762690196566238,
        "dt_assisted_ls": 0.2420869462102235,
        "dt_assisted_lmmse": 0.2138432721851909
      },
      "mse": {
        "ls_p0": 0.41495958130362126,
        "ls": 0.41495958130362126,
        "lmmse_pdp": 0.24460055007865522,
        "lmmse_empirical": 0.2515167633183161,
        "dt_assisted_ls": 0.19135790951383552,
        "dt_assisted_lmmse": 0.16318321773313557
      },
      "h_power": 0.639578104019165,
      "n_frames": 9714,
      "n_bits": 89524224,
      "cfo_hz": -516.4623792502391,
      "sigma_w_sq": 0.2374210825268829,
      "ebn0_db": -1.4749687328391679,
      "snr_db": 5.514731310521021,
      "w_mean": 0.5861193627293947,
      "scale_ratio": 1.475092019223696,
      "dt_corr": 0.7821572975461498,
      "file": "rx_16qam_50m_p5_txg25.npz",
      "tx_gain": 25
    },
    {
      "ber": {
        "ls_p0": 0.2013744457573351,
        "ls": 0.18503865244404025,
        "lmmse_pdp": 0.18295033572998143,
        "lmmse_empirical": 0.18897125365403444,
        "dt_assisted_ls": 0.19477023212547392,
        "dt_assisted_lmmse": 0.17118059558270998
      },
      "mse": {
        "ls_p0": 0.40919069003497704,
        "ls": 0.40919069003497704,
        "lmmse_pdp": 0.26979544494045826,
        "lmmse_empirical": 0.277801945856446,
        "dt_assisted_ls": 0.23607365049929854,
        "dt_assisted_lmmse": 0.23339357756126428
      },
      "h_power": 1.0262452363967896,
      "n_frames": 9759,
      "n_bits": 89938944,
      "cfo_hz": -512.9714823430284,
      "sigma_w_sq": 0.2374210825268829,
      "ebn0_db": 0.19967354965774284,
      "snr_db": 7.1893735930179306,
      "w_mean": 0.6937459812999167,
      "scale_ratio": 2.366882400229696,
      "dt_corr": 0.7824362704798635,
      "file": "rx_16qam_50m_p5_txg27.npz",
      "tx_gain": 27
    },
    {
      "ber": {
        "ls_p0": 0.1598011838754811,
        "ls": 0.14479869215216573,
        "lmmse_pdp": 0.14107894332783927,
        "lmmse_empirical": 0.15223931289995674,
        "dt_assisted_ls": 0.15529259690410718,
        "dt_assisted_lmmse": 0.13782988424028148
      },
      "mse": {
        "ls_p0": 0.6670362069927557,
        "ls": 0.6670362069927557,
        "lmmse_pdp": 0.4378908919080548,
        "lmmse_empirical": 0.45282709708941254,
        "dt_assisted_ls": 0.43842384300892706,
        "dt_assisted_lmmse": 0.37131246158636205
      },
      "h_power": 1.6001781225204468,
      "n_frames": 9758,
      "n_bits": 89929728,
      "cfo_hz": -521.4914058932686,
      "sigma_w_sq": 0.2374210825268829,
      "ebn0_db": 2.4608561565044056,
      "snr_db": 9.450556199864593,
      "w_mean": 0.7789206820115503,
      "scale_ratio": 3.6905734624641537,
      "dt_corr": 0.7764000568131644,
      "file": "rx_16qam_50m_p5_txg29.npz",
      "tx_gain": 29
    },
    {
      "ber": {
        "ls_p0": 0.12448302444430213,
        "ls": 0.11148006807476663,
        "lmmse_pdp": 0.10754885925404144,
        "lmmse_empirical": 0.1252562698336464,
        "dt_assisted_ls": 0.1210753949830658,
        "dt_assisted_lmmse": 0.11119637133210952
      },
      "mse": {
        "ls_p0": 1.1771993245100147,
        "ls": 1.1771993245100147,
        "lmmse_pdp": 0.7511635621987645,
        "lmmse_empirical": 0.7700473300450247,
        "dt_assisted_ls": 0.8699491116299172,
        "dt_assisted_lmmse": 0.5967279842824593
      },
      "h_power": 2.4966468811035156,
      "n_frames": 9760,
      "n_bits": 89948160,
      "cfo_hz": -539.1303737181001,
      "sigma_w_sq": 0.2374210825268829,
      "ebn0_db": 4.751694919992096,
      "snr_db": 11.741394963352285,
      "w_mean": 0.8458235531714688,
      "scale_ratio": 5.758145668203133,
      "dt_corr": 0.7811636185958603,
      "file": "rx_16qam_50m_p5_txg31.npz",
      "tx_gain": 31
    }
  ]
}