{
  "position": "p4",
  "bw": "25m",
  "modulation": "16qam",
  "receivers": [
    "ls_p0",
    "ls",
    "lmmse_pdp",
    "lmmse_empirical",
    "dt_assisted_ls",
    "dt_assisted_lmmse"
  ],
  "P_cal": 0.49284461960196496,
  "r_hh_pdp": {
    "model": "measured_pdp",
    "n_taps": 50,
    "eff_rank": 173,
    "trace": 189.25233368884966
  },
  "r_hh_empirical": {
    "n_positions": 20,
    "eff_rank": 173,
    "trace": 210.45192562012443
  },
  "captures": [
    {
      "ber": {
        "ls_p0": 0.3699846964493199,
        "ls": 0.3526547335281252,
        "lmmse_pdp": 0.36175970541999863,
        "lmmse_empirical": 0.36371051655446196,
        "dt_assisted_ls": 0.3367936079998519,
        "dt_assisted_lmmse": 0.30920699111333244
      },
      "mse": {
        "ls_p0": 0.11850698582274913,
        "ls": 0.11850698582274913,
        "lmmse_pdp": 0.08545730580152013,
        "lmmse_empirical": 0.08742213630644292,
        "dt_assisted_ls": 0.022226414615408214,
        "dt_assisted_lmmse": 0.014084688088539628
      },
      "h_power": 0.09727207571268082,
      "n_frames": 4877,
      "n_bits": 44946432,
      "cfo_hz": -448.33863022616595,
      "sigma_w_sq": 0.10344246998567667,
      "ebn0_db": -6.588099751358554,
      "snr_db": 0.4016002920016344,
      "w_mean": 0.20016907279509474,
      "scale_ratio": 0.19736864692007888,
      "dt_corr": 0.8463747406412258,
      "file": "rx_16qam_25m_p4_txg13.npz",
      "tx_gain": 13
    },
    {
      "ber": {
        "ls_p0": 0.321805855468127,
        "ls": 0.3027583368575285,
        "lmmse_pdp": 0.31414978612762856,
        "lmmse_empirical": 0.31587310423216686,
        "dt_assisted_ls": 0.28986883764210697,
        "dt_assisted_lmmse": 0.2603127652045884
      },
      "mse": {
        "ls_p0": 0.12461143465326632,
        "ls": 0.12461143465326632,
        "lmmse_pdp": 0.09114335914991285,
        "lmmse_empirical": 0.09295516241666246,
        "dt_assisted_ls": 0.03212613949422293,
        "dt_assisted_lmmse": 0.020617629021413127
      },
      "h_power": 0.16085480153560638,
      "n_frames": 4877,
      "n_bits": 44946432,
      "cfo_hz": -446.92760162636483,
      "sigma_w_sq": 0.10344246998567667,
      "ebn0_db": -4.49368185535249,
      "snr_db": 2.496018188007699,
      "w_mean": 0.2923268288655508,
      "scale_ratio": 0.32638035424941275,
      "dt_corr": 0.8539511737685903,
      "file": "rx_16qam_25m_p4_txg15.npz",
      "tx_gain": 15
    },
    {
      "ber": {
        "ls_p0": 0.2686156489574078,
        "ls": 0.24959100201769074,
        "lmmse_pdp": 0.2594149631276627,
        "lmmse_empirical": 0.26041604370286836,
        "dt_assisted_ls": 0.24098909564167406,
        "dt_assisted_lmmse": 0.21133637482058643
      },
      "mse": {
        "ls_p0": 0.13770563181518983,
        "ls": 0.13770563181518983,
        "lmmse_pdp": 0.1032575306985036,
        "lmmse_empirical": 0.10470430408531078,
        "dt_assisted_ls": 0.04723314493454946,
        "dt_assisted_lmmse": 0.0329581107160285
      },
      "h_power": 0.2625839412212372,
      "n_frames": 4877,
      "n_bits": 44946432,
      "cfo_hz": -464.9808142495431,
      "sigma_w_sq": 0.10344246998567667,
      "ebn0_db": -2.3679252854042128,
      "snr_db": 4.621774757955976,
      "w_mean": 0.40220480489171617,
      "scale_ratio": 0.5327925491675394,
      "dt_corr": 0.8542959764259738,
      "file": "rx_16qam_25m_p4_txg17.npz",
      "tx_gain": 17
    },
    {
      "ber": {
        "ls_p0": 0.21978400866168865,
        "ls": 0.20175430165402228,
        "lmmse_pdp": 0.2075284196084797,
        "lmmse_empirical": 0.20786675569709293,
        "dt_assisted_ls": 0.1962777156593876,
        "dt_assisted_lmmse": 0.16768269837303215
      },
      "mse": {
        "ls_p0": 0.15734939992746383,
        "ls": 0.15734939992746383,
        "lmmse_pdp": 0.12131132573998897,
        "lmmse_empirical": 0.12230409742826814,
        "dt_assisted_ls": 0.06783054414200644,
        "dt_assisted_lmmse": 0.05114988105792467
      },
      "h_power": 0.41484203934669495,
      "n_frames": 4877,
      "n_bits": 44946432,
      "cfo_hz": -464.30015740738287,
      "sigma_w_sq": 0.10344246998567667,
      "ebn0_db": -0.38984099092746904,
      "snr_db": 6.59985905243272,
      "w_mean": 0.5146741201546475,
      "scale_ratio": 0.8417298735689414,
      "dt_corr": 0.8534361475662993,
      "file": "rx_16qam_25m_p4_txg19.npz",
      "tx_gain": 19
    },
    {
      "ber": {
        "ls_p0": 0.1764400342167316,
        "ls": 0.1594058901049142,
        "lmmse_pdp": 0.16157929955374434,
        "lmmse_empirical": 0.16161785656311942,
        "dt_assisted_ls": 0.1571902971074545,
        "dt_assisted_lmmse": 0.13186761965888638
      },
      "mse": {
        "ls_p0": 0.19878642965705792,
        "ls": 0.19878642965705792,
        "lmmse_pdp": 0.15949487716054342,
        "lmmse_empirical": 0.15892522978414933,
        "dt_assisted_ls": 0.10094748964136355,
        "dt_assisted_lmmse": 0.08905583237064588
      },
      "h_power": 0.6154240965843201,
      "n_frames": 4877,
      "n_bits": 44946432,
      "cfo_hz": -477.99179139093303,
      "sigma_w_sq": 0.10344246998567667,
      "ebn0_db": 1.4246717676661045,
      "snr_db": 8.414371811026292,
      "w_mean": 0.6109040259312534,
      "scale_ratio": 1.248718302091547,
      "dt_corr": 0.8478383329351978,
      "file": "rx_16qam_25m_p4_txg21.npz",
      "tx_gain": 21
    },
    {
      "ber": {
        "ls_p0": 0.12966090389555282,
        "ls": 0.11388990787967329,
        "lmmse_pdp": 0.11338421701638074,
        "lmmse_empirical": 0.11378998893616295,
        "dt_assisted_ls": 0.11370922612945117,
        "dt_assisted_lmmse": 0.09412513545012872
      },
      "mse": {
        "ls_p0": 0.25019872416543265,
        "ls": 0.25019872416543265,
        "lmmse_pdp": 0.20712443853097773,
        "lmmse_empirical": 0.20513070786460774,
        "dt_assisted_ls": 0.15215931144849704,
        "dt_assisted_lmmse": 0.13855577615351986
      },
      "h_power": 0.9851195216178894,
      "n_frames": 4877,
      "n_bits": 44946432,
      "cfo_hz": -474.54280118911305,
      "sigma_w_sq": 0.10344246998567667,
      "ebn0_db": 3.44430068935163,
      "snr_db": 10.43400073271182,
      "w_mean": 0.7149129816144932,
      "scale_ratio": 1.998844021901871,
      "dt_corr": 0.8484434614500697,
      "file": "rx_16qam_25m_p4_txg23.npz",
      "tx_gain": 23
    },
    {
      "ber": {
        "ls_p0": 0.08653605696665756,
        "ls": 0.07334662293104822,
        "lmmse_pdp": 0.07175995638541453,
        "lmmse_empirical": 0.07334023755211537,
        "dt_assisted_ls": 0.07510476026217164,
        "dt_assisted_lmmse": 0.06049178720126216
      },
      "mse": {
        "ls_p0": 0.32751700369523173,
        "ls": 0.32751700369523173,
        "lmmse_pdp": 0.27845810327938775,
        "lmmse_empirical": 0.27455659824476913,
        "dt_assisted_ls": 0.22951437775947106,
        "dt_assisted_lmmse": 0.2099268617867237
      },
      "h_power": 1.60417902469635,
      "n_frames": 4877,
      "n_bits": 44946432,
      "cfo_hz": -484.73089272963847,
      "sigma_w_sq": 0.10344246998567667,
      "ebn0_db": 5.524586440598811,
      "snr_db": 12.514286483958998,
      "w_mean": 0.8029904597520678,
      "scale_ratio": 3.254938698512991,
      "dt_corr": 0.8560774488391762,
      "file": "rx_16qam_25m_p4_txg25.npz",
      "tx_gain": 25
    },
    {
      "ber": {
        "ls_p0": 0.056010341377041896,
        "ls": 0.04627535284669537,
        "lmmse_pdp": 0.04508328936988814,
        "lmmse_empirical": 0.04768075917572278,
        "dt_assisted_ls": 0.04898702526598774,
        "dt_assisted_lmmse": 0.043677393569304904
      },
      "mse": {
        "ls_p0": 0.48746150324215004,
        "ls": 0.48746150324215004,
        "lmmse_pdp": 0.42589794340806686,
        "lmmse_empirical": 0.4168618634255713,
        "dt_assisted_ls": 0.3796447413489703,
        "dt_assisted_lmmse": 0.3642073582988572
      },