{
  "position": "p5",
  "bw": "20m",
  "modulation": "qpsk",
  "receivers": [
    "ls_p0",
    "ls",
    "lmmse_pdp",
    "lmmse_empirical",
    "dt_assisted_ls",
    "dt_assisted_lmmse"
  ],
  "P_cal": 0.4737254686653614,
  "r_hh_pdp": {
    "model": "measured_pdp",
    "n_taps": 50,
    "eff_rank": 173,
    "trace": 181.91058182583052
  },
  "r_hh_empirical": {
    "n_positions": 20,
    "eff_rank": 173,
    "trace": 200.9274742318583
  },
  "captures": [
    {
      "ber": {
        "ls_p0": 0.30357772435897434,
        "ls": 0.2783318865740741,
        "lmmse_pdp": 0.2646319667022792,
        "lmmse_empirical": 0.26779975738960116,
        "dt_assisted_ls": 0.2553404335826211,
        "dt_assisted_lmmse": 0.2211809450676638
      },
      "mse": {
        "ls_p0": 0.0868422393573459,
        "ls": 0.0868422393573459,
        "lmmse_pdp": 0.06510311161850355,
        "lmmse_empirical": 0.06670911853539309,
        "dt_assisted_ls": 0.0239511401274877,
        "dt_assisted_lmmse": 0.010751021198379068
      },
      "h_power": 0.07600287348031998,
      "n_frames": 3900,
      "n_bits": 17971200,
      "cfo_hz": -396.3754754381389,
      "sigma_w_sq": 0.08048109171172431,
      "ebn0_db": -3.83275154821865,
      "snr_db": 0.14664853850172635,
      "w_mean": 0.16971900217772615,
      "scale_ratio": 0.16043653657559254,
      "dt_corr": 0.7787090914102512,
      "file": "rx_qpsk_20m_p5_txg13.npz",
      "tx_gain": 13
    },
    {
      "ber": {
        "ls_p0": 0.24693025507478633,
        "ls": 0.22136290286680912,
        "lmmse_pdp": 0.20830250623219373,
        "lmmse_empirical": 0.21101607015669516,
        "dt_assisted_ls": 0.2113289596688034,
        "dt_assisted_lmmse": 0.17521757033475782
      },
      "mse": {
        "ls_p0": 0.08963775141341392,
        "ls": 0.08963775141341392,
        "lmmse_pdp": 0.06773374250545122,
        "lmmse_empirical": 0.06938819306695976,
        "dt_assisted_ls": 0.03297689835052324,
        "dt_assisted_lmmse": 0.015097244402738342
      },
      "h_power": 0.1212521567940712,
      "n_frames": 3900,
      "n_bits": 17971200,
      "cfo_hz": -417.9150979797083,
      "sigma_w_sq": 0.08048109171172431,
      "ebn0_db": -1.846076800451767,
      "snr_db": 2.1333232862686096,
      "w_mean": 0.24540918888039057,
      "scale_ratio": 0.25595448168678353,
      "dt_corr": 0.782332618010617,
      "file": "rx_qpsk_20m_p5_txg15.npz",
      "tx_gain": 15
    },
    {
      "ber": {
        "ls_p0": 0.1914206619480057,
        "ls": 0.1682370125534188,
        "lmmse_pdp": 0.15715728498931625,
        "lmmse_empirical": 0.15930694667022793,
        "dt_assisted_ls": 0.17573228276353275,
        "dt_assisted_lmmse": 0.1380940616096866
      },
      "mse": {
        "ls_p0": 0.09868089504809144,
        "ls": 0.09868089504809144,
        "lmmse_pdp": 0.07600809466169976,
        "lmmse_empirical": 0.07760714984930796,
        "dt_assisted_ls": 0.045127711997879294,
        "dt_assisted_lmmse": 0.024682863753196657
      },
      "h_power": 0.18961457908153534,
      "n_frames": 3900,
      "n_bits": 17971200,
      "cfo_hz": -421.0743652355289,
      "sigma_w_sq": 0.08048109171172431,
      "ebn0_db": 0.17285453585619115,
      "snr_db": 4.152254622576567,
      "w_mean": 0.3363981815212909,
      "scale_ratio": 0.40026258165038336,
      "dt_corr": 0.775755256365153,
      "file": "rx_qpsk_20m_p5_txg17.npz",
      "tx_gain": 17
    },
    {
      "ber": {
        "ls_p0": 0.1422172698539886,
        "ls": 0.12299729567307692,
        "lmmse_pdp": 0.11456747462606838,
        "lmmse_empirical": 0.11611077724358974,
        "dt_assisted_ls": 0.13699791889245014,
        "dt_assisted_lmmse": 0.10644492298789174
      },
      "mse": {
        "ls_p0": 0.10918781773178418,
        "ls": 0.10918781773178418,
        "lmmse_pdp": 0.08564781047520144,
        "lmmse_empirical": 0.08732947367620099,
        "dt_assisted_ls": 0.05914386164433793,
        "dt_assisted_lmmse": 0.0368912732183562
      },
      "h_power": 0.2990340292453766,
      "n_frames": 3900,
      "n_bits": 17971200,
      "cfo_hz": -419.65962582613224,
      "sigma_w_sq": 0.08048109171172431,
      "ebn0_db": 2.141980207711537,
      "snr_db": 6.121380294431913,
      "w_mean": 0.4433382070177472,
      "scale_ratio": 0.6312390804907589,
      "dt_corr": 0.7727161295760214,
      "file": "rx_qpsk_20m_p5_txg19.npz",
      "tx_gain": 19
    },
    {
      "ber": {
        "ls_p0": 0.10252403846153846,
        "ls": 0.08786719862891738,
        "lmmse_pdp": 0.08180872729700854,
        "lmmse_empirical": 0.08317418981481481,
        "dt_assisted_ls": 0.09790180956196581,
        "dt_assisted_lmmse": 0.07864855991809117
      },
      "mse": {
        "ls_p0": 0.11423863292635858,
        "ls": 0.11423863292635858,
        "lmmse_pdp": 0.09034807398964878,
        "lmmse_empirical": 0.09262222241303011,
        "dt_assisted_ls": 0.07139972360969839,
        "dt_assisted_lmmse": 0.04353534461593305
      },
      "h_power": 0.48002055287361145,
      "n_frames": 3900,
      "n_bits": 17971200,
      "cfo_hz": -418.7054175916782,
      "sigma_w_sq": 0.08048109171172431,
      "ebn0_db": 4.0867468759835575,
      "snr_db": 8.066146962703934,
      "w_mean": 0.5600900702880968,
      "scale_ratio": 1.0132884647852802,
      "dt_corr": 0.7824846382355339,
      "file": "rx_qpsk_20m_p5_txg21.npz",
      "tx_gain": 21
    },
    {
      "ber": {
        "ls_p0": 0.07201188568376068,
        "ls": 0.061761429398148146,
        "lmmse_pdp": 0.058318643162393165,
        "lmmse_empirical": 0.05926615918803419,
        "dt_assisted_ls": 0.07121149394586894,
        "dt_assisted_lmmse": 0.0631188790954416
      },
      "mse": {
        "ls_p0": 0.14612801832367742,
        "ls": 0.14612801832367742,
        "lmmse_pdp": 0.11962592265868265,
        "lmmse_empirical": 0.12148168011995697,
        "dt_assisted_ls": 0.09729071155809331,
        "dt_assisted_lmmse": 0.08218016346089956
      },
      "h_power": 0.743865966796875,
      "n_frames": 3900,
      "n_bits": 17971200,
      "cfo_hz": -417.4653340658556,
      "sigma_w_sq": 0.08048109171172431,
      "ebn0_db": 6.056707261427777,
      "snr_db": 10.036107348148153,
      "w_mean": 0.66283624271053,
      "scale_ratio": 1.570246938364085,
      "dt_corr": 0.7732843253066574,
      "file": "rx_qpsk_20m_p5_txg23.npz",
      "tx_gain": 23
    },
    {
      "ber": {
        "ls_p0": 0.05139423076923077,
        "ls": 0.044354300213675216,
        "lmmse_pdp": 0.04291204816595442,
        "lmmse_empirical": 0.04424317797364672,
        "dt_assisted_ls": 0.05169665909900285,
        "dt_assisted_lmmse": 0.049802461716524214
      },
      "mse": {
        "ls_p0": 0.18814531862312675,
        "ls": 0.18814531862312675,
        "lmmse_pdp": 0.1581006746858031,
        "lmmse_empirical": 0.15998713462779882,
        "dt_assisted_ls": 0.1335518808282695,
        "dt_assisted_lmmse": 0.12612675449213687
      },
      "h_power": 1.16545832157135,
      "n_frames": 3900,
      "n_bits": 17971200,
      "cfo_hz": -441.41657745364313,
      "sigma_w_sq": 0.08048109171172431,
      "ebn0_db": 8.024303066977591,
      "snr_db": 12.00370315369797,
      "w_mean": 0.7543186554308295,
      "scale_ratio": 2.4601977277152205,
      "dt_corr": 0.7753815101458635,
      "file": "rx_qpsk_20m_p5_txg25.npz",
      "tx_gain": 25
    },
    {
      "ber": {
        "ls_p0": 0.03811008725071225,
        "ls": 0.03307831419159544,
        "lmmse_pdp": 0.03295422676282051,
        "lmmse_empirical": 0.03516097978988604,
        "dt_assisted_ls": 0.03884103454415955,
        "dt_assisted_lmmse": 0.0391982171474359
      },
      "mse": {
        "ls_p0": 0.21671378798074725,
        "ls": 0.21671378798074725,
        "lmmse_pdp": 0.18437977827854746,
        "lmmse_empirical": 0.18866140496987066,
        "dt_assisted_ls": 0.16840152384761756,
        "dt_assisted_lmmse": 0.1560470145396728
      },
      "h_power": 1.8601999282836914,