{
  "position": "p3",
  "bw": "50m",
  "modulation": "qpsk",
  "receivers": [
    "ls_p0",
    "ls",
    "lmmse_pdp",
    "lmmse_empirical",
    "dt_assisted_ls",
    "dt_assisted_lmmse"
  ],
  "P_cal": 0.43358522430062296,
  "r_hh_pdp": {
    "model": "measured_pdp",
    "n_taps": 50,
    "eff_rank": 173,
    "trace": 166.49672781034508
  },
  "r_hh_empirical": {
    "n_positions": 20,
    "eff_rank": 173,
    "trace": 183.08002844553036
  },
  "captures": [
    {
      "ber": {
        "ls_p0": 0.20031272587440943,
        "ls": 0.17644489380597278,
        "lmmse_pdp": 0.1712834110488212,
        "lmmse_empirical": 0.15409338143907342,
        "dt_assisted_ls": 0.23221539732594082,
        "dt_assisted_lmmse": 0.23327721364266743
      },
      "mse": {
        "ls_p0": 0.4357430014932358,
        "ls": 0.4357430014932358,
        "lmmse_pdp": 0.2050517068957379,
        "lmmse_empirical": 0.18409888521197096,
        "dt_assisted_ls": 0.1591582625756423,
        "dt_assisted_lmmse": 0.23058472924924342
      },
      "h_power": 0.3464052975177765,
      "n_frames": 9454,
      "n_bits": 43564032,
      "cfo_hz": -598.7265210641566,
      "sigma_w_sq": 0.4188684638690032,
      "ebn0_db": -4.281610857518363,
      "snr_db": -0.30221077079798664,
      "w_mean": 0.3046749796541294,
      "scale_ratio": 0.7989324315110864,
      "dt_corr": 0.5987976389947397,
      "file": "rx_qpsk_50m_p3_txg23.npz",
      "tx_gain": 23
    },
    {
      "ber": {
        "ls_p0": 0.15548979511931205,
        "ls": 0.13514314685488923,
        "lmmse_pdp": 0.13877834639643488,
        "lmmse_empirical": 0.12130153162196025,
        "dt_assisted_ls": 0.18741886728315962,
        "dt_assisted_lmmse": 0.21212401314852783
      },
      "mse": {
        "ls_p0": 0.6007434434830984,
        "ls": 0.6007434434830984,
        "lmmse_pdp": 0.2909116686597227,
        "lmmse_empirical": 0.2593065720457807,
        "dt_assisted_ls": 0.24497591638569174,
        "dt_assisted_lmmse": 0.36532105063990883
      },
      "h_power": 0.569244921207428,
      "n_frames": 9755,
      "n_bits": 44951040,
      "cfo_hz": -607.1019571719103,
      "sigma_w_sq": 0.4188684638690032,
      "ebn0_db": -1.3202524414939658,
      "snr_db": 2.659147645226411,
      "w_mean": 0.41786554967471456,
      "scale_ratio": 1.3128789665875384,
      "dt_corr": 0.5898054285444521,
      "file": "rx_qpsk_50m_p3_txg25.npz",
      "tx_gain": 25
    },
    {
      "ber": {
        "ls_p0": 0.10975499111930867,
        "ls": 0.0935814189679612,
        "lmmse_pdp": 0.10821405686061869,
        "lmmse_empirical": 0.08780643455186665,
        "dt_assisted_ls": 0.13647055940527833,
        "dt_assisted_lmmse": 0.19648064802717718
      },
      "mse": {
        "ls_p0": 0.5768286524068647,
        "ls": 0.5768286524068647,
        "lmmse_pdp": 0.3489772063727529,
        "lmmse_empirical": 0.28793120768113944,
        "dt_assisted_ls": 0.3079768620527628,
        "dt_assisted_lmmse": 0.5794781104912621
      },
      "h_power": 0.9303998947143555,
      "n_frames": 9759,
      "n_bits": 44969472,
      "cfo_hz": -632.7308526044264,
      "sigma_w_sq": 0.4188684638690032,
      "ebn0_db": 0.22226511598682178,
      "snr_db": 4.201665202707198,
      "w_mean": 0.5390128925048141,
      "scale_ratio": 2.1458293377388475,
      "dt_corr": 0.5838884204942539,
      "file": "rx_qpsk_50m_p3_txg27.npz",
      "tx_gain": 27
    },
    {
      "ber": {
        "ls_p0": 0.07069358617230191,
        "ls": 0.05921410732581967,
        "lmmse_pdp": 0.08564250786230647,
        "lmmse_empirical": 0.062225775379952185,
        "dt_assisted_ls": 0.08910799287056011,
        "dt_assisted_lmmse": 0.18840185280054644
      },
      "mse": {
        "ls_p0": 0.5783948836694924,
        "ls": 0.5783948836694924,
        "lmmse_pdp": 0.47591084114483634,
        "lmmse_empirical": 0.34484885310722035,
        "dt_assisted_ls": 0.36761669633762356,
        "dt_assisted_lmmse": 0.9580253656222515
      },
      "h_power": 1.492007851600647,
      "n_frames": 9760,
      "n_bits": 44974080,
      "cfo_hz": -636.6310756165915,
      "sigma_w_sq": 0.4188684638690032,
      "ebn0_db": 2.0000365340188715,
      "snr_db": 5.979436620739248,
      "w_mean": 0.6514491281638294,
      "scale_ratio": 3.4410947790189796,
      "dt_corr": 0.5728166410993424,
      "file": "rx_qpsk_50m_p3_txg29.npz",
      "tx_gain": 29
    },
    {
      "ber": {
        "ls_p0": 0.049349367499800754,
        "ls": 0.041604802475777344,
        "lmmse_pdp": 0.07401643497170703,
        "lmmse_empirical": 0.05115232395879587,
        "dt_assisted_ls": 0.0551557287575002,
        "dt_assisted_lmmse": 0.18172859579049538
      },
      "mse": {
        "ls_p0": 0.7677918521915347,
        "ls": 0.7677918521915347,
        "lmmse_pdp": 0.7167838548795595,
        "lmmse_empirical": 0.4995246433900926,
        "dt_assisted_ls": 0.5207392678693744,
        "dt_assisted_lmmse": 1.5267695770275453
      },
      "h_power": 2.345900774002075,
      "n_frames": 9759,
      "n_bits": 44969472,
      "cfo_hz": -649.4997472340228,
      "sigma_w_sq": 0.4188684638690032,
      "ebn0_db": 4.10966381951517,
      "snr_db": 8.089063906235545,
      "w_mean": 0.745586306446896,
      "scale_ratio": 5.410472134482984,
      "dt_corr": 0.5729051459233939,
      "file": "rx_qpsk_50m_p3_txg31.npz",
      "tx_gain": 31
    }
  ]
}