{
  "position": "p2",
  "bw": "20m",
  "modulation": "16qam",
  "receivers": [
    "ls_p0",
    "ls",
    "lmmse_pdp",
    "lmmse_empirical",
    "dt_assisted_ls",
    "dt_assisted_lmmse"
  ],
  "P_cal": 0.4737254686653614,
  "r_hh_pdp": {
    "model": "measured_pdp",
    "n_taps": 50,
    "eff_rank": 173,
    "trace": 181.91058182583052
  },
  "r_hh_empirical": {
    "n_positions": 20,
    "eff_rank": 173,
    "trace": 200.9274742318583
  },
  "captures": [
    {
      "ber": {
        "ls_p0": 0.3976296642687772,
        "ls": 0.38274104285047994,
        "lmmse_pdp": 0.3897802535496596,
        "lmmse_empirical": 0.39082229293948845,
        "dt_assisted_ls": 0.3609393803049076,
        "dt_assisted_lmmse": 0.34738708268357116
      },
      "mse": {
        "ls_p0": 0.0809302944404967,
        "ls": 0.0809302944404967,
        "lmmse_pdp": 0.06144455032416867,
        "lmmse_empirical": 0.06275566401360515,
        "dt_assisted_ls": 0.011404914825394222,
        "dt_assisted_lmmse": 0.011373782654647143
      },
      "h_power": 0.06168891862034798,
      "n_frames": 3901,
      "n_bits": 35951616,
      "cfo_hz": -423.68866527045094,
      "sigma_w_sq": 0.07657975377384264,
      "ebn0_db": -7.5629212716092535,
      "snr_db": -0.5732212282490651,
      "w_mean": 0.1485737295847649,
      "scale_ratio": 0.1302208192313276,
      "dt_corr": 0.8903671582603911,
      "file": "rx_16qam_20m_p2_txg13.npz",
      "tx_gain": 13
    },
    {
      "ber": {
        "ls_p0": 0.3595085962199863,
        "ls": 0.34243081034243356,
        "lmmse_pdp": 0.3512602048263978,
        "lmmse_empirical": 0.3522653891274317,
        "dt_assisted_ls": 0.3252356722991256,
        "dt_assisted_lmmse": 0.3095869181513287
      },
      "mse": {
        "ls_p0": 0.0824006893283531,
        "ls": 0.0824006893283531,
        "lmmse_pdp": 0.0628008742373544,
        "lmmse_empirical": 0.0641053306044732,
        "dt_assisted_ls": 0.017762369598161194,
        "dt_assisted_lmmse": 0.016644035166840286
      },
      "h_power": 0.10034487396478653,
      "n_frames": 3901,
      "n_bits": 35951616,
      "cfo_hz": -448.6746477401606,
      "sigma_w_sq": 0.07657975377384264,
      "ebn0_db": -5.539734308754243,
      "snr_db": 1.4499657346059458,
      "w_mean": 0.22064232555701965,
      "scale_ratio": 0.21182072867538798,
      "dt_corr": 0.8852006518854284,
      "file": "rx_16qam_20m_p2_txg15.npz",
      "tx_gain": 15
    },
    {
      "ber": {
        "ls_p0": 0.3137230048296021,
        "ls": 0.29553019257882596,
        "lmmse_pdp": 0.3049430100722037,
        "lmmse_empirical": 0.30588541555406024,
        "dt_assisted_ls": 0.28811964947556185,
        "dt_assisted_lmmse": 0.2710295692966903
      },
      "mse": {
        "ls_p0": 0.08907401037764719,
        "ls": 0.08907401037764719,
        "lmmse_pdp": 0.06890702061900236,
        "lmmse_empirical": 0.07011839322980155,
        "dt_assisted_ls": 0.025748923756091342,
        "dt_assisted_lmmse": 0.027422653100783366
      },
      "h_power": 0.1594250351190567,
      "n_frames": 3901,
      "n_bits": 35951616,
      "cfo_hz": -434.4047446180724,
      "sigma_w_sq": 0.07657975377384264,
      "ebn0_db": -3.445781461481159,
      "snr_db": 3.543918581879029,
      "w_mean": 0.30956406733379965,
      "scale_ratio": 0.3365346506874727,
      "dt_corr": 0.8837783360565941,
      "file": "rx_16qam_20m_p2_txg17.npz",
      "tx_gain": 17
    },
    {
      "ber": {
        "ls_p0": 0.26609852530690137,
        "ls": 0.24748965387258254,
        "lmmse_pdp": 0.25652883030348345,
        "lmmse_empirical": 0.2573109926407759,
        "dt_assisted_ls": 0.24549986848991712,
        "dt_assisted_lmmse": 0.231487118687516
      },
      "mse": {
        "ls_p0": 0.09529187417247136,
        "ls": 0.09529187417247136,
        "lmmse_pdp": 0.07472419720537946,
        "lmmse_empirical": 0.07594421423328193,
        "dt_assisted_ls": 0.03417759982906842,
        "dt_assisted_lmmse": 0.03814839600816576
      },
      "h_power": 0.2534571588039398,
      "n_frames": 3901,
      "n_bits": 35951616,
      "cfo_hz": -432.45333398809066,
      "sigma_w_sq": 0.07657975377384264,
      "ebn0_db": -1.444617897223979,
      "snr_db": 5.545082146136209,
      "w_mean": 0.415250356807664,
      "scale_ratio": 0.5350296227855577,
      "dt_corr": 0.894273360854707,
      "file": "rx_16qam_20m_p2_txg19.npz",
      "tx_gain": 19
    },
    {
      "ber": {
        "ls_p0": 0.21865701789529915,
        "ls": 0.20033325543091168,
        "lmmse_pdp": 0.20845093816773505,
        "lmmse_empirical": 0.2092007489761396,
        "dt_assisted_ls": 0.2046252615295584,
        "dt_assisted_lmmse": 0.197365395744302
      },
      "mse": {
        "ls_p0": 0.10640299931322038,
        "ls": 0.10640299931322038,
        "lmmse_pdp": 0.08503219699398339,
        "lmmse_empirical": 0.08606644066787647,
        "dt_assisted_ls": 0.047241646606618656,
        "dt_assisted_lmmse": 0.05745997973477726
      },
      "h_power": 0.39553597569465637,
      "n_frames": 3900,
      "n_bits": 35942400,
      "cfo_hz": -436.837067143925,
      "sigma_w_sq": 0.07657975377384264,
      "ebn0_db": 0.4863245908620395,
      "snr_db": 7.476024634222227,
      "w_mean": 0.5246987025458549,
      "scale_ratio": 0.8349476687605794,
      "dt_corr": 0.894233132174369,
      "file": "rx_16qam_20m_p2_txg21.npz",
      "tx_gain": 21
    },
    {
      "ber": {
        "ls_p0": 0.1727261952457265,
        "ls": 0.1554975182514245,
        "lmmse_pdp": 0.1622466223735755,
        "lmmse_empirical": 0.16316072382478633,
        "dt_assisted_ls": 0.16430193865740741,
        "dt_assisted_lmmse": 0.16995857260505698
      },
      "mse": {
        "ls_p0": 0.12446279059975937,
        "ls": 0.12446279059975937,
        "lmmse_pdp": 0.10177349679417189,
        "lmmse_empirical": 0.1026924812187604,
        "dt_assisted_ls": 0.06631523626162444,
        "dt_assisted_lmmse": 0.08938932073600685
      },
      "h_power": 0.6174684166908264,
      "n_frames": 3900,
      "n_bits": 35942400,
      "cfo_hz": -421.49517756368607,
      "sigma_w_sq": 0.07657975377384264,
      "ebn0_db": 2.4355911630707756,
      "snr_db": 9.425291206430963,
      "w_mean": 0.6319279389272491,
      "scale_ratio": 1.3034309057320383,
      "dt_corr": 0.892164376218944,
      "file": "rx_16qam_20m_p2_txg23.npz",
      "tx_gain": 23
    },
    {
      "ber": {
        "ls_p0": 0.12708152488425925,
        "ls": 0.11167584802350428,
        "lmmse_pdp": 0.11718800080128206,
        "lmmse_empirical": 0.11817521923967236,
        "dt_assisted_ls": 0.12158548121438746,
        "dt_assisted_lmmse": 0.14376238092058405
      },
      "mse": {
        "ls_p0": 0.15251227976140141,
        "ls": 0.15251227976140141,
        "lmmse_pdp": 0.12765341192060703,
        "lmmse_empirical": 0.12861564624589264,
        "dt_assisted_ls": 0.09458802346518856,
        "dt_assisted_lmmse": 0.13665916666078087
      },
      "h_power": 0.9789687991142273,
      "n_frames": 3900,
      "n_bits": 35942400,
      "cfo_hz": -434.9709484475685,
      "sigma_w_sq": 0.07657975377384264,
      "ebn0_db": 4.434035084388537,
      "snr_db": 11.423735127748724,
      "w_mean": 0.7306499546831127,
      "scale_ratio": 2.066531913245662,
      "dt_corr": 0.8925010495903607,
      "file": "rx_16qam_20m_p2_txg25.npz",
      "tx_gain": 25
    },
    {
      "ber": {
        "ls_p0": 0.0892742832977208,
        "ls": 0.07646726428952992,
        "lmmse_pdp": 0.08100602630876068,
        "lmmse_empirical": 0.08185226918625356,
        "dt_assisted_ls": 0.08516128583511395,
        "dt_assisted_lmmse": 0.13155189970619657
      },
      "mse": {
        "ls_p0": 0.17092413254658578,
        "ls": 0.17092413254658578,
        "lmmse_pdp": 0.1460952672545932,
        "lmmse_empirical": 0.1458141362351376,
        "dt_assisted_ls": 0.12338174688366581,
        "dt_assisted_lmmse": 0.21504830996401852
      },
      "h_power": 1.5674586296081543,