{
  "position": "p2",
  "bw": "50m",
  "modulation": "16qam",
  "receivers": [
    "ls_p0",
    "ls",
    "lmmse_pdp",
    "lmmse_empirical",
    "dt_assisted_ls",
    "dt_assisted_lmmse"
  ],
  "P_cal": 0.43358522430062296,
  "r_hh_pdp": {
    "model": "measured_pdp",
    "n_taps": 50,
    "eff_rank": 173,
    "trace": 166.49672781034508
  },
  "r_hh_empirical": {
    "n_positions": 20,
    "eff_rank": 173,
    "trace": 183.08002844553036
  },
  "captures": [
    {
      "ber": {
        "ls_p0": 0.304185051614772,
        "ls": 0.2886437042696285,
        "lmmse_pdp": 0.299176351282276,
        "lmmse_empirical": 0.2976086674419227,
        "dt_assisted_ls": 0.31956679524720566,
        "dt_assisted_lmmse": 0.32280471777393194
      },
      "mse": {
        "ls_p0": 0.49802636705284165,
        "ls": 0.49802636705284165,
        "lmmse_pdp": 0.23458810851318324,
        "lmmse_empirical": 0.23087383043813772,
        "dt_assisted_ls": 0.23507654885699164,
        "dt_assisted_lmmse": 0.2607175388163744
      },
      "h_power": 0.5532862544059753,
      "n_frames": 5706,
      "n_bits": 52586496,
      "cfo_hz": -524.0878477237871,
      "sigma_w_sq": 0.3100346512840137,
      "ebn0_db": -3.1418704906501076,
      "snr_db": 3.8478295527100803,
      "w_mean": 0.48476258084144613,
      "scale_ratio": 1.2760726689855062,
      "dt_corr": 0.584255990760922,
      "file": "rx_16qam_50m_p2_txg25.npz",
      "tx_gain": 25
    },
    {
      "ber": {
        "ls_p0": 0.2521960591274111,
        "ls": 0.235809664630588,
        "lmmse_pdp": 0.2507944870021179,
        "lmmse_empirical": 0.24910000839766802,
        "dt_assisted_ls": 0.2710123731276047,
        "dt_assisted_lmmse": 0.29136058323227665
      },
      "mse": {
        "ls_p0": 0.3977711359244157,
        "ls": 0.3977711359244157,
        "lmmse_pdp": 0.23511280344152133,
        "lmmse_empirical": 0.21749255113312818,
        "dt_assisted_ls": 0.2531768647464824,
        "dt_assisted_lmmse": 0.4047255021928964
      },
      "h_power": 0.8669107556343079,
      "n_frames": 9758,
      "n_bits": 89929728,
      "cfo_hz": -546.8491119389914,
      "sigma_w_sq": 0.3100346512840137,
      "ebn0_db": -2.035947602589788,
      "snr_db": 4.9537524407703994,
      "w_mean": 0.5950708660982144,
      "scale_ratio": 1.9994010566957006,
      "dt_corr": 0.5800769737462875,
      "file": "rx_16qam_50m_p2_txg27.npz",
      "tx_gain": 27
    },
    {
      "ber": {
        "ls_p0": 0.21039168191039537,
        "ls": 0.19440764846964362,
        "lmmse_pdp": 0.21210369644393726,
        "lmmse_empirical": 0.2104191620258773,
        "dt_assisted_ls": 0.2272550790465689,
        "dt_assisted_lmmse": 0.27031913574113015
      },
      "mse": {
        "ls_p0": 0.5692240348272206,
        "ls": 0.5692240348272206,
        "lmmse_pdp": 0.35030627508009105,
        "lmmse_empirical": 0.3208140068624147,
        "dt_assisted_ls": 0.37804581018324174,
        "dt_assisted_lmmse": 0.6304770976754756
      },
      "h_power": 1.3375263214111328,
      "n_frames": 9749,
      "n_bits": 89846784,
      "cfo_hz": -544.4958118140382,
      "sigma_w_sq": 0.3100346512840137,
      "ebn0_db": 0.14871676721949068,
      "snr_db": 7.138416810579678,
      "w_mean": 0.6933375364655147,
      "scale_ratio": 3.084806046074507,
      "dt_corr": 0.5773392331221251,
      "file": "rx_16qam_50m_p2_txg29.npz",
      "tx_gain": 29
    },
    {
      "ber": {
        "ls_p0": 0.16661798306935907,
        "ls": 0.15148697872196606,
        "lmmse_pdp": 0.1717375652820469,
        "lmmse_empirical": 0.17059118274348248,
        "dt_assisted_ls": 0.17876923774760928,
        "dt_assisted_lmmse": 0.24779106098446038
      },
      "mse": {
        "ls_p0": 0.6362654200082859,
        "ls": 0.6362654200082859,
        "lmmse_pdp": 0.45227063990722766,
        "lmmse_empirical": 0.3999911937583386,
        "dt_assisted_ls": 0.47148262633109794,
        "dt_assisted_lmmse": 0.9669995169914831
      },
      "h_power": 2.120795965194702,
      "n_frames": 9760,
      "n_bits": 89948160,
      "cfo_hz": -567.2678033402714,
      "sigma_w_sq": 0.3100346512840137,
      "ebn0_db": 2.032608648166835,
      "snr_db": 9.022308691527023,
      "w_mean": 0.781450634500104,
      "scale_ratio": 4.891301285959562,
      "dt_corr": 0.5799697020414037,
      "file": "rx_16qam_50m_p2_txg31.npz",
      "tx_gain": 31
    }
  ]
}