{
  "position": "p4",
  "bw": "50m",
  "modulation": "qpsk",
  "receivers": [
    "ls_p0",
    "ls",
    "lmmse_pdp",
    "lmmse_empirical",
    "dt_assisted_ls",
    "dt_assisted_lmmse"
  ],
  "P_cal": 0.43358522430062296,
  "r_hh_pdp": {
    "model": "measured_pdp",
    "n_taps": 50,
    "eff_rank": 173,
    "trace": 166.49672781034508
  },
  "r_hh_empirical": {
    "n_positions": 20,
    "eff_rank": 173,
    "trace": 183.08002844553036
  },
  "captures": [
    {
      "ber": {
        "ls_p0": 0.11374213504300036,
        "ls": 0.09502475449405583,
        "lmmse_pdp": 0.07500807514429268,
        "lmmse_empirical": 0.09616652510462656,
        "dt_assisted_ls": 0.1196404036745769,
        "dt_assisted_lmmse": 0.07352580561016832
      },
      "mse": {
        "ls_p0": 0.5141924088945121,
        "ls": 0.5141924088945121,
        "lmmse_pdp": 0.217300564712247,
        "lmmse_empirical": 0.2600120390760685,
        "dt_assisted_ls": 0.23338407349561596,
        "dt_assisted_lmmse": 0.10873353088598307
      },
      "h_power": 0.7260422706604004,
      "n_frames": 9664,
      "n_bits": 44531712,
      "cfo_hz": -474.9601031446162,
      "sigma_w_sq": 0.33579320507399085,
      "ebn0_db": 0.3529502714312666,
      "snr_db": 4.332350358151643,
      "w_mean": 0.5323579305898763,
      "scale_ratio": 1.6745087931248428,
      "dt_corr": 0.7178102207332535,
      "file": "rx_qpsk_50m_p4_txg21.npz",
      "tx_gain": 21
    },
    {
      "ber": {
        "ls_p0": 0.07940966602296212,
        "ls": 0.06580645670623095,
        "lmmse_pdp": 0.05296795875009991,
        "lmmse_empirical": 0.0734660590366983,
        "dt_assisted_ls": 0.0805123088868336,
        "dt_assisted_lmmse": 0.05427840506856667
      },
      "mse": {
        "ls_p0": 0.8211595544321544,
        "ls": 0.8211595544321544,
        "lmmse_pdp": 0.3475906363722476,
        "lmmse_empirical": 0.4112461197744958,
        "dt_assisted_ls": 0.42109991972636107,
        "dt_assisted_lmmse": 0.17368587650436215
      },
      "h_power": 1.1332666873931885,
      "n_frames": 9731,
      "n_bits": 44840448,
      "cfo_hz": -476.5917818399661,
      "sigma_w_sq": 0.33579320507399085,
      "ebn0_db": 2.8387144262463844,
      "snr_db": 6.818114512966761,
      "w_mean": 0.6391813530303481,
      "scale_ratio": 2.613711500942308,
      "dt_corr": 0.7198774452568047,
      "file": "rx_qpsk_50m_p4_txg23.npz",
      "tx_gain": 23
    },
    {
      "ber": {
        "ls_p0": 0.0535889547469003,
        "ls": 0.04434030268356275,
        "lmmse_pdp": 0.03653883238833669,
        "lmmse_empirical": 0.055708592709293986,
        "dt_assisted_ls": 0.050273127511926315,
        "dt_assisted_lmmse": 0.03913256975754574
      },
      "mse": {
        "ls_p0": 0.9552742901467632,
        "ls": 0.9552742901467632,
        "lmmse_pdp": 0.42863597753758026,
        "lmmse_empirical": 0.5262442832755373,
        "dt_assisted_ls": 0.5954788265626073,
        "dt_assisted_lmmse": 0.2565704938277773
      },
      "h_power": 1.8044384717941284,
      "n_frames": 9759,
      "n_bits": 44969472,
      "cfo_hz": -483.85228800097843,
      "sigma_w_sq": 0.33579320507399085,
      "ebn0_db": 4.606281366641586,
      "snr_db": 8.585681453361962,
      "w_mean": 0.7377067568839536,
      "scale_ratio": 4.161669657227606,
      "dt_corr": 0.7202568180899167,
      "file": "rx_qpsk_50m_p4_txg25.npz",
      "tx_gain": 25
    },
    {
      "ber": {
        "ls_p0": 0.03754656015198087,
        "ls": 0.03154694882029827,
        "lmmse_pdp": 0.02727875700848133,
        "lmmse_empirical": 0.04517046263091985,
        "dt_assisted_ls": 0.0330230657303051,
        "dt_assisted_lmmse": 0.03097693160149135
      },
      "mse": {
        "ls_p0": 1.4304037495384614,
        "ls": 1.4304037495384614,
        "lmmse_pdp": 0.6537320390343576,
        "lmmse_empirical": 0.8007968525646988,
        "dt_assisted_ls": 1.017827292964298,
        "dt_assisted_lmmse": 0.4103734276952809
      },
      "h_power": 2.854602813720703,
      "n_frames": 9760,
      "n_bits": 44974080,
      "cfo_hz": -476.18202505176873,
      "sigma_w_sq": 0.33579320507399085,
      "ebn0_db": 6.740326560179564,
      "snr_db": 10.719726646899941,
      "w_mean": 0.8161430956909657,
      "scale_ratio": 6.583717926101389,
      "dt_corr": 0.7230266600642548,
      "file": "rx_qpsk_50m_p4_txg27.npz",
      "tx_gain": 27
    },
    {
      "ber": {
        "ls_p0": 0.011107442331227232,
        "ls": 0.008146203324225866,
        "lmmse_pdp": 0.00705535277208561,
        "lmmse_empirical": 0.023862122360257285,
        "dt_assisted_ls": 0.00818295782815346,
        "dt_assisted_lmmse": 0.011631966679474044
      },
      "mse": {
        "ls_p0": 0.7309908258417935,
        "ls": 0.7309908258417935,
        "lmmse_pdp": 0.48143267453020155,
        "lmmse_empirical": 0.6923374084578624,
        "dt_assisted_ls": 0.5965797918422572,
        "dt_assisted_lmmse": 0.5081755226833747
      },
      "h_power": 4.536320686340332,
      "n_frames": 9760,
      "n_bits": 44974080,
      "cfo_hz": -480.73294966497724,
      "sigma_w_sq": 0.33579320507399085,
      "ebn0_db": 7.694953116582372,
      "snr_db": 11.67435320330275,
      "w_mean": 0.8756443683402155,
      "scale_ratio": 10.462350726221032,
      "dt_corr": 0.7229093596064907,
      "file": "rx_qpsk_50m_p4_txg29.npz",
      "tx_gain": 29
    },
    {
      "ber": {
        "ls_p0": 0.010792171846539161,
        "ls": 0.008822526219546904,
        "lmmse_pdp": 0.008092038792122041,
        "lmmse_empirical": 0.02185329861111111,
        "dt_assisted_ls": 0.008740990366006375,
        "dt_assisted_lmmse": 0.012402521630236795
      },
      "mse": {
        "ls_p0": 1.4066170527405677,
        "ls": 1.4066170527405677,
        "lmmse_pdp": 0.8481397519708477,
        "lmmse_empirical": 1.1796066022780456,
        "dt_assisted_ls": 1.2080970877299726,
        "dt_assisted_lmmse": 0.8171505640910384
      },
      "h_power": 6.976609706878662,
      "n_frames": 9760,
      "n_bits": 44974080,
      "cfo_hz": -504.3554700707863,
      "sigma_w_sq": 0.33579320507399085,
      "ebn0_db": 9.812759652417576,
      "snr_db": 13.792159739137952,
      "w_mean": 0.9153703174601114,
      "scale_ratio": 16.090515349391804,
      "dt_corr": 0.7200797394377424,
      "file": "rx_qpsk_50m_p4_txg31.npz",
      "tx_gain": 31
    }
  ]
}