{
  "position": "p4",
  "bw": "20m",
  "modulation": "16qam",
  "receivers": [
    "ls_p0",
    "ls",
    "lmmse_pdp",
    "lmmse_empirical",
    "dt_assisted_ls",
    "dt_assisted_lmmse"
  ],
  "P_cal": 0.4737254686653614,
  "r_hh_pdp": {
    "model": "measured_pdp",
    "n_taps": 50,
    "eff_rank": 173,
    "trace": 181.91058182583052
  },
  "r_hh_empirical": {
    "n_positions": 20,
    "eff_rank": 173,
    "trace": 200.9274742318583
  },
  "captures": [
    {
      "ber": {
        "ls_p0": 0.364112635772792,
        "ls": 0.34678914040242165,
        "lmmse_pdp": 0.35720271879451565,
        "lmmse_empirical": 0.358665531517094,
        "dt_assisted_ls": 0.3280887197293447,
        "dt_assisted_lmmse": 0.3040525952635328
      },
      "mse": {
        "ls_p0": 0.0893311344839375,
        "ls": 0.0893311344839375,
        "lmmse_pdp": 0.06722590622487837,
        "lmmse_empirical": 0.06897562351594382,
        "dt_assisted_ls": 0.022522468246507103,
        "dt_assisted_lmmse": 0.008205565578030951
      },
      "h_power": 0.09014009684324265,
      "n_frames": 3900,
      "n_bits": 35942400,
      "cfo_hz": -430.38089522793376,
      "sigma_w_sq": 0.08062285789444514,
      "ebn0_db": -6.088407313357074,
      "snr_db": 0.9012927300031147,
      "w_mean": 0.1947102975317426,
      "scale_ratio": 0.19027918658711043,
      "dt_corr": 0.8219931777255445,
      "file": "rx_16qam_20m_p4_txg13.npz",
      "tx_gain": 13
    },
    {
      "ber": {
        "ls_p0": 0.3195078073820103,
        "ls": 0.30104677353029136,
        "lmmse_pdp": 0.3128667985327836,
        "lmmse_empirical": 0.31400468896864053,
        "dt_assisted_ls": 0.28532914904298046,
        "dt_assisted_lmmse": 0.26074252128193626
      },
      "mse": {
        "ls_p0": 0.09230709806580155,
        "ls": 0.09230709806580155,
        "lmmse_pdp": 0.06996188351901504,
        "lmmse_empirical": 0.07178809106146906,
        "dt_assisted_ls": 0.03092251094008494,
        "dt_assisted_lmmse": 0.011981684689725623
      },
      "h_power": 0.1439521163702011,
      "n_frames": 3901,
      "n_bits": 35951616,
      "cfo_hz": -440.2616164693896,
      "sigma_w_sq": 0.08062285789444514,
      "ebn0_db": -4.106637440092641,
      "snr_db": 2.8830626032675473,
      "w_mean": 0.27796686262948317,
      "scale_ratio": 0.3038724448904151,
      "dt_corr": 0.8270788859170092,
      "file": "rx_16qam_20m_p4_txg15.npz",
      "tx_gain": 15
    },
    {
      "ber": {
        "ls_p0": 0.2693173235940215,
        "ls": 0.2508914481062548,
        "lmmse_pdp": 0.26127440279735964,
        "lmmse_empirical": 0.26196658308766985,
        "dt_assisted_ls": 0.2420413313270814,
        "dt_assisted_lmmse": 0.21555999040488194
      },
      "mse": {
        "ls_p0": 0.09999808672011694,
        "ls": 0.09999808672011694,
        "lmmse_pdp": 0.07691151053331856,
        "lmmse_empirical": 0.07892272657777227,
        "dt_assisted_ls": 0.04282870593039382,
        "dt_assisted_lmmse": 0.019391682388392555
      },
      "h_power": 0.23275160789489746,
      "n_frames": 3901,
      "n_bits": 35951616,
      "cfo_hz": -434.9568647509241,
      "sigma_w_sq": 0.08062285789444514,
      "ebn0_db": -2.014647197806612,
      "snr_db": 4.975052845553575,
      "w_mean": 0.38276690082481113,
      "scale_ratio": 0.4913217111814452,
      "dt_corr": 0.8253605584471773,
      "file": "rx_16qam_20m_p4_txg17.npz",
      "tx_gain": 17
    },
    {
      "ber": {
        "ls_p0": 0.2220754874465812,
        "ls": 0.204341474136396,
        "lmmse_pdp": 0.21180778133903133,
        "lmmse_empirical": 0.2119721832710114,
        "dt_assisted_ls": 0.20274105235042736,
        "dt_assisted_lmmse": 0.17337147769764957
      },
      "mse": {
        "ls_p0": 0.1152652878364135,
        "ls": 0.1152652878364135,
        "lmmse_pdp": 0.09057884898006066,
        "lmmse_empirical": 0.0929070815612189,
        "dt_assisted_ls": 0.05842559081238248,
        "dt_assisted_lmmse": 0.030653401609929357
      },
      "h_power": 0.3606811463832855,
      "n_frames": 3900,
      "n_bits": 35942400,
      "cfo_hz": -434.18105228693236,
      "sigma_w_sq": 0.08062285789444514,
      "ebn0_db": -0.05492362541600504,
      "snr_db": 6.934776417944183,
      "w_mean": 0.48911009114631737,
      "scale_ratio": 0.7613716598337884,
      "dt_corr": 0.8192066309283077,
      "file": "rx_16qam_20m_p4_txg19.npz",
      "tx_gain": 19
    },
    {
      "ber": {
        "ls_p0": 0.17515179843304843,
        "ls": 0.1582314202724359,
        "lmmse_pdp": 0.16286597444800568,
        "lmmse_empirical": 0.16293725516381766,
        "dt_assisted_ls": 0.15970419337606837,
        "dt_assisted_lmmse": 0.13609077301460115
      },
      "mse": {
        "ls_p0": 0.1299982783814392,
        "ls": 0.1299982783814392,
        "lmmse_pdp": 0.10392902038937056,
        "lmmse_empirical": 0.10656022247552586,
        "dt_assisted_ls": 0.07488202952147209,
        "dt_assisted_lmmse": 0.048326918449993705
      },
      "h_power": 0.5679402947425842,
      "n_frames": 3900,
      "n_bits": 35942400,
      "cfo_hz": -446.8476505485086,
      "sigma_w_sq": 0.08062285789444514,
      "ebn0_db": 1.8873522271230017,
      "snr_db": 8.87705227048319,
      "w_mean": 0.6002591246385917,
      "scale_ratio": 1.198880643556397,
      "dt_corr": 0.8258909283361334,
      "file": "rx_16qam_20m_p4_txg21.npz",
      "tx_gain": 21
    },
    {
      "ber": {
        "ls_p0": 0.13159213074252138,
        "ls": 0.11602878494480057,
        "lmmse_pdp": 0.11851540242165243,
        "lmmse_empirical": 0.11881591101317664,
        "dt_assisted_ls": 0.12037821625712251,
        "dt_assisted_lmmse": 0.10076948116987179
      },
      "mse": {
        "ls_p0": 0.15452553795151505,
        "ls": 0.15452553795151505,
        "lmmse_pdp": 0.12592510149431485,
        "lmmse_empirical": 0.12948215689200807,
        "dt_assisted_ls": 0.1001823933589475,
        "dt_assisted_lmmse": 0.06991668302315303
      },
      "h_power": 0.8914968967437744,
      "n_frames": 3900,
      "n_bits": 35942400,
      "cfo_hz": -449.72326312044515,
      "sigma_w_sq": 0.08062285789444514,
      "ebn0_db": 3.820640084756187,
      "snr_db": 10.810340128116376,
      "w_mean": 0.7013835706717293,
      "scale_ratio": 1.8818850910748177,
      "dt_corr": 0.8268628598218649,
      "file": "rx_16qam_20m_p4_txg23.npz",
      "tx_gain": 23
    },
    {
      "ber": {
        "ls_p0": 0.09262067663384033,
        "ls": 0.07967180112293144,
        "lmmse_pdp": 0.08102297821605571,
        "lmmse_empirical": 0.08164726169749921,
        "dt_assisted_ls": 0.08615401321598451,
        "dt_assisted_lmmse": 0.07957914882045915
      },
      "mse": {
        "ls_p0": 0.21371393710024553,
        "ls": 0.21371393710024553,
        "lmmse_pdp": 0.17918778520851097,
        "lmmse_empirical": 0.1832924116940256,
        "dt_assisted_ls": 0.15164240397326617,
        "dt_assisted_lmmse": 0.13154382988395616
      },
      "h_power": 1.407676339149475,
      "n_frames": 3901,
      "n_bits": 35951616,
      "cfo_hz": -445.3606672944403,
      "sigma_w_sq": 0.08062285789444514,
      "ebn0_db": 5.850498229971017,
      "snr_db": 12.840198273331204,
      "w_mean": 0.7871289590744784,
      "scale_ratio": 2.971502341040174,
      "dt_corr": 0.8224758444561637,
      "file": "rx_16qam_20m_p4_txg25.npz",
      "tx_gain": 25
    },
    {
      "ber": {
        "ls_p0": 0.0622440349002849,
        "ls": 0.052544960826210824,
        "lmmse_pdp": 0.053409928107193735,
        "lmmse_empirical": 0.05522803151709402,
        "dt_assisted_ls": 0.05879343060007122,
        "dt_assisted_lmmse": 0.05423074140847579
      },
      "mse": {
        "ls_p0": 0.27735009340876315,
        "ls": 0.27735009340876315,
        "lmmse_pdp": 0.23645392655894643,
        "lmmse_empirical": 0.24293431583013178,
        "dt_assisted_ls": 0.21553615518841704,
        "dt_assisted_lmmse": 0.18281850741575945
      },