{
  "position": "p4",
  "bw": "50m",
  "modulation": "16qam",
  "receivers": [
    "ls_p0",
    "ls",
    "lmmse_pdp",
    "lmmse_empirical",
    "dt_assisted_ls",
    "dt_assisted_lmmse"
  ],
  "P_cal": 0.43358522430062296,
  "r_hh_pdp": {
    "model": "measured_pdp",
    "n_taps": 50,
    "eff_rank": 173,
    "trace": 166.49672781034508
  },
  "r_hh_empirical": {
    "n_positions": 20,
    "eff_rank": 173,
    "trace": 183.08002844553036
  },
  "captures": [
    {
      "ber": {
        "ls_p0": 0.33542099920370566,
        "ls": 0.31826977594841355,
        "lmmse_pdp": 0.319958304282796,
        "lmmse_empirical": 0.328197125472094,
        "dt_assisted_ls": 0.3279388124650301,
        "dt_assisted_lmmse": 0.2851551230394985
      },
      "mse": {
        "ls_p0": 0.3392308709624708,
        "ls": 0.3392308709624708,
        "lmmse_pdp": 0.16661536727637222,
        "lmmse_empirical": 0.18084932391598282,
        "dt_assisted_ls": 0.10926223750562741,
        "dt_assisted_lmmse": 0.051286250692193294
      },
      "h_power": 0.2888805866241455,
      "n_frames": 9532,
      "n_bits": 87846912,
      "cfo_hz": -523.505427618765,
      "sigma_w_sq": 0.23378932559135776,
      "ebn0_db": -4.696480245210938,
      "snr_db": 2.2932197981492504,
      "w_mean": 0.39506473830786354,
      "scale_ratio": 0.6662602192916344,
      "dt_corr": 0.7182849658732405,
      "file": "rx_16qam_50m_p4_txg19.npz",
      "tx_gain": 19
    },
    {
      "ber": {
        "ls_p0": 0.2875762038138096,
        "ls": 0.26986121554980413,
        "lmmse_pdp": 0.27171965351613503,
        "lmmse_empirical": 0.2795081569048063,
        "dt_assisted_ls": 0.2810259547153827,
        "dt_assisted_lmmse": 0.23859145720636696
      },
      "mse": {
        "ls_p0": 0.3848473160630126,
        "ls": 0.3848473160630126,
        "lmmse_pdp": 0.19148377051736373,
        "lmmse_empirical": 0.21175555884934788,
        "dt_assisted_ls": 0.16110689573778605,
        "dt_assisted_lmmse": 0.06745109042545992
      },
      "h_power": 0.4700140953063965,
      "n_frames": 8935,
      "n_bits": 82344960,
      "cfo_hz": -516.9473139566705,
      "sigma_w_sq": 0.23378932559135776,
      "ebn0_db": -2.7909065197176237,
      "snr_db": 4.198793523642564,
      "w_mean": 0.514333869657603,
      "scale_ratio": 1.0840177869634133,
      "dt_corr": 0.7230371882649989,
      "file": "rx_16qam_50m_p4_txg21.npz",
      "tx_gain": 21
    },
    {
      "ber": {
        "ls_p0": 0.23958127965613854,
        "ls": 0.22210407079373637,
        "lmmse_pdp": 0.22257571465886705,
        "lmmse_empirical": 0.22985820996712453,
        "dt_assisted_ls": 0.23371254612714956,
        "dt_assisted_lmmse": 0.19533009923368205
      },
      "mse": {
        "ls_p0": 0.46207585941075285,
        "ls": 0.46207585941075285,
        "lmmse_pdp": 0.23524410451652727,
        "lmmse_empirical": 0.26498285698690743,
        "dt_assisted_ls": 0.23630265247865076,
        "dt_assisted_lmmse": 0.09559316493563155
      },
      "h_power": 0.7406310439109802,
      "n_frames": 8348,
      "n_bits": 76935168,
      "cfo_hz": -532.3922343069604,
      "sigma_w_sq": 0.23378932559135776,
      "ebn0_db": -0.8323032575194824,
      "snr_db": 6.157396785840705,
      "w_mean": 0.6245608403498083,
      "scale_ratio": 1.7081556344675377,
      "dt_corr": 0.7262103774305364,
      "file": "rx_16qam_50m_p4_txg23.npz",
      "tx_gain": 23
    },
    {
      "ber": {
        "ls_p0": 0.1891359448665061,
        "ls": 0.17225814950875726,
        "lmmse_pdp": 0.17076251745541662,
        "lmmse_empirical": 0.1792380363670527,
        "dt_assisted_ls": 0.18378720975254234,
        "dt_assisted_lmmse": 0.15298772987413595
      },
      "mse": {
        "ls_p0": 0.4802170682553435,
        "ls": 0.4802170682553435,
        "lmmse_pdp": 0.2648972611771064,
        "lmmse_empirical": 0.30227587821136936,
        "dt_assisted_ls": 0.29944856139146164,
        "dt_assisted_lmmse": 0.1493902433130876
      },
      "h_power": 1.1605095863342285,
      "n_frames": 9757,
      "n_bits": 89920512,
      "cfo_hz": -542.3770559669672,
      "sigma_w_sq": 0.23378932559135776,
      "ebn0_db": 0.876214407425636,
      "snr_db": 7.865914450785825,
      "w_mean": 0.7221648989041262,
      "scale_ratio": 2.676543206024009,
      "dt_corr": 0.7221851965222404,
      "file": "rx_16qam_50m_p4_txg25.npz",
      "tx_gain": 25
    },
    {
      "ber": {
        "ls_p0": 0.14053688853602467,
        "ls": 0.1252321349337495,
        "lmmse_pdp": 0.12228729650540102,
        "lmmse_empirical": 0.13542528805291626,
        "dt_assisted_ls": 0.13541639771527586,
        "dt_assisted_lmmse": 0.11259546877868815
      },
      "mse": {
        "ls_p0": 0.773311169236477,
        "ls": 0.773311169236477,
        "lmmse_pdp": 0.4048961777731258,
        "lmmse_empirical": 0.47844541609815683,
        "dt_assisted_ls": 0.5506353376706602,
        "dt_assisted_lmmse": 0.19377164323653773
      },
      "h_power": 1.9308031797409058,
      "n_frames": 7262,
      "n_bits": 66926592,
      "cfo_hz": -556.9056129181206,
      "sigma_w_sq": 0.23378932559135776,
      "ebn0_db": 3.3129705680635357,
      "snr_db": 10.302670611423723,
      "w_mean": 0.8117835822019179,
      "scale_ratio": 4.45311111063646,
      "dt_corr": 0.7295333918475697,
      "file": "rx_16qam_50m_p4_txg27.npz",
      "tx_gain": 27
    },
    {
      "ber": {
        "ls_p0": 0.10083279385624096,
        "ls": 0.08751508134229373,
        "lmmse_pdp": 0.0847658162408489,
        "lmmse_empirical": 0.102338570930964,
        "dt_assisted_ls": 0.09591037671067162,
        "dt_assisted_lmmse": 0.08621547746880373
      },
      "mse": {
        "ls_p0": 0.6367871006833973,
        "ls": 0.6367871006833973,
        "lmmse_pdp": 0.4094314420309548,
        "lmmse_empirical": 0.4865854403740094,
        "dt_assisted_ls": 0.5048414568478583,
        "dt_assisted_lmmse": 0.33923431198266013
      },
      "h_power": 2.8710033893585205,
      "n_frames": 9759,
      "n_bits": 89938944,
      "cfo_hz": -549.9448912174607,
      "sigma_w_sq": 0.23378932559135776,
      "ebn0_db": 4.548622611516474,
      "snr_db": 11.538322654876662,
      "w_mean": 0.864919043895946,
      "scale_ratio": 6.621543420879888,
      "dt_corr": 0.7233829675693176,
      "file": "rx_16qam_50m_p4_txg29.npz",
      "tx_gain": 29
    },
    {
      "ber": {
        "ls_p0": 0.0703553691370674,
        "ls": 0.05983298602217099,
        "lmmse_pdp": 0.058221001963797814,
        "lmmse_empirical": 0.08067595824083561,
        "dt_assisted_ls": 0.06604121751906876,
        "dt_assisted_lmmse": 0.06636555989583333
      },
      "mse": {
        "ls_p0": 0.7971525866661412,
        "ls": 0.7971525866661412,
        "lmmse_pdp": 0.5547959830446386,
        "lmmse_empirical": 0.6702380633787192,
        "dt_assisted_ls": 0.6783281398672033,
        "dt_assisted_lmmse": 0.5267663439508643
      },
      "h_power": 4.483442783355713,
      "n_frames": 9760,
      "n_bits": 89948160,
      "cfo_hz": -558.9801221855918,
      "sigma_w_sq": 0.23378932559135776,
      "ebn0_db": 6.4255709773885785,
      "snr_db": 13.415271020748767,
      "w_mean": 0.9089717326744857,
      "scale_ratio": 10.340395687116755,
      "dt_corr": 0.7217803323504662,
      "file": "rx_16qam_50m_p4_txg31.npz",
      "tx_gain": 31
    }
  ]
}