{
  "position": "p2",
  "bw": "50m",
  "modulation": "qpsk",
  "receivers": [
    "ls_p0",
    "ls",
    "lmmse_pdp",
    "lmmse_empirical",
    "dt_assisted_ls",
    "dt_assisted_lmmse"
  ],
  "P_cal": 0.43358522430062296,
  "r_hh_pdp": {
    "model": "measured_pdp",
    "n_taps": 50,
    "eff_rank": 173,
    "trace": 166.49672781034508
  },
  "r_hh_empirical": {
    "n_positions": 20,
    "eff_rank": 173,
    "trace": 183.08002844553036
  },
  "captures": [
    {
      "ber": {
        "ls_p0": 0.33687733067825126,
        "ls": 0.312320757022584,
        "lmmse_pdp": 0.2765966444883356,
        "lmmse_empirical": 0.28448936221504,
        "dt_assisted_ls": 0.30980434148312186,
        "dt_assisted_lmmse": 0.27106097191465167
      },
      "mse": {
        "ls_p0": 0.22132427321088194,
        "ls": 0.22132427321088194,
        "lmmse_pdp": 0.08446772439856066,
        "lmmse_empirical": 0.08749671092837659,
        "dt_assisted_ls": 0.04643797692690089,
        "dt_assisted_lmmse": 0.038695152589151696
      },
      "h_power": 0.10476266592741013,
      "n_frames": 8354,
      "n_bits": 38495232,
      "cfo_hz": -513.754176430081,
      "sigma_w_sq": 0.3590098036432768,
      "ebn0_db": -15.103244178346689,
      "snr_db": -11.123844091626312,
      "w_mean": 0.13444044290297763,
      "scale_ratio": 0.24161954802863334,
      "dt_corr": 0.7013327311307812,
      "file": "rx_qpsk_50m_p2_txg15.npz",
      "tx_gain": 15
    },
    {
      "ber": {
        "ls_p0": 0.17666229716899706,
        "ls": 0.15526387360463778,
        "lmmse_pdp": 0.13687613283272915,
        "lmmse_empirical": 0.14328369548017722,
        "dt_assisted_ls": 0.1807729065970424,
        "dt_assisted_lmmse": 0.1598604997410668
      },
      "mse": {
        "ls_p0": 0.4178977857858647,
        "ls": 0.4178977857858647,
        "lmmse_pdp": 0.18395923621091964,
        "lmmse_empirical": 0.18404625452148396,
        "dt_assisted_ls": 0.15085633737443313,
        "dt_assisted_lmmse": 0.14947069596324244
      },
      "h_power": 0.4277265965938568,
      "n_frames": 9655,
      "n_bits": 44490240,
      "cfo_hz": -510.9171003591475,
      "sigma_w_sq": 0.3590098036432768,
      "ebn0_db": -2.8343919473586854,
      "snr_db": 1.1450081393616913,
      "w_mean": 0.38644214563960205,
      "scale_ratio": 0.9864879442877322,
      "dt_corr": 0.7028245246529704,
      "file": "rx_qpsk_50m_p2_txg21.npz",
      "tx_gain": 21
    },
    {
      "ber": {
        "ls_p0": 0.08912170460885109,
        "ls": 0.07780453815423939,
        "lmmse_pdp": 0.07380155586438729,
        "lmmse_empirical": 0.08065473839675058,
        "dt_assisted_ls": 0.08972171165363027,
        "dt_assisted_lmmse": 0.10731460222615022
      },
      "mse": {
        "ls_p0": 0.33664138759445145,
        "ls": 0.33664138759445145,
        "lmmse_pdp": 0.21755965334359245,
        "lmmse_empirical": 0.20934169109135384,
        "dt_assisted_ls": 0.2121420843736079,
        "dt_assisted_lmmse": 0.3268441746756401
      },
      "h_power": 1.077344298362732,
      "n_frames": 9759,
      "n_bits": 44969472,
      "cfo_hz": -541.347514622393,
      "sigma_w_sq": 0.3590098036432768,
      "ebn0_db": 0.7325279261729314,
      "snr_db": 4.711928012893307,
      "w_mean": 0.6118605785557641,
      "scale_ratio": 2.484734806405127,
      "dt_corr": 0.7055332870415698,
      "file": "rx_qpsk_50m_p2_txg25.npz",
      "tx_gain": 25
    },
    {
      "ber": {
        "ls_p0": 0.14838479067841026,
        "ls": 0.13262883282476992,
        "lmmse_pdp": 0.12185479071172227,
        "lmmse_empirical": 0.12809864186920372,
        "dt_assisted_ls": 0.14842868619638985,
        "dt_assisted_lmmse": 0.14926665683962265
      },
      "mse": {
        "ls_p0": 1.4179169284627633,
        "ls": 1.4179169284627633,
        "lmmse_pdp": 0.530398126511837,
        "lmmse_empirical": 0.5618259986431275,
        "dt_assisted_ls": 0.44502886626827554,
        "dt_assisted_lmmse": 0.2457347853535638
      },
      "h_power": 0.635292112827301,
      "n_frames": 6254,
      "n_bits": 28818432,
      "cfo_hz": -526.1494195851742,
      "sigma_w_sq": 0.3590098036432768,
      "ebn0_db": 2.6468373188496255,
      "snr_db": 6.626237405570001,
      "w_mean": 0.48266544975779757,
      "scale_ratio": 1.4652070163415583,
      "dt_corr": 0.7040007035292286,
      "file": "rx_qpsk_50m_p2_txg23.npz",
      "tx_gain": 23
    },
    {
      "ber": {
        "ls_p0": 0.0685071641490476,
        "ls": 0.061141656277396365,
        "lmmse_pdp": 0.06164348560730266,
        "lmmse_empirical": 0.06799081385700949,
        "dt_assisted_ls": 0.06511241670793912,
        "dt_assisted_lmmse": 0.09643012931083558
      },
      "mse": {
        "ls_p0": 0.5158741477334152,
        "ls": 0.5158741477334152,
        "lmmse_pdp": 0.34407339299015355,
        "lmmse_empirical": 0.3281477712844599,
        "dt_assisted_ls": 0.3412354705053988,
        "dt_assisted_lmmse": 0.5233384935960962
      },
      "h_power": 1.7481826543807983,
      "n_frames": 9759,
      "n_bits": 44969472,
      "cfo_hz": -553.7908433354701,
      "sigma_w_sq": 0.3590098036432768,
      "ebn0_db": 3.28459399481692,
      "snr_db": 7.263994081537296,
      "w_mean": 0.7183166729558349,
      "scale_ratio": 4.031923959587491,
      "dt_corr": 0.7079158121817133,
      "file": "rx_qpsk_50m_p2_txg27.npz",
      "tx_gain": 27
    },
    {
      "ber": {
        "ls_p0": 0.05517449161828324,
        "ls": 0.04997080540613616,
        "lmmse_pdp": 0.05392125864497951,
        "lmmse_empirical": 0.059723578559027775,
        "dt_assisted_ls": 0.05097309383538251,
        "dt_assisted_lmmse": 0.09050326321294398
      },
      "mse": {
        "ls_p0": 0.706876304069587,
        "ls": 0.706876304069587,
        "lmmse_pdp": 0.517432702069474,
        "lmmse_empirical": 0.4792586391406744,
        "dt_assisted_ls": 0.5089434918106316,
        "dt_assisted_lmmse": 0.8321505171818518
      },
      "h_power": 2.719344139099121,
      "n_frames": 9760,
      "n_bits": 44974080,
      "cfo_hz": -579.3750154323649,
      "sigma_w_sq": 0.3590098036432768,
      "ebn0_db": 5.357809331267395,
      "snr_db": 9.337209417987772,
      "w_mean": 0.7982787908485305,
      "scale_ratio": 6.271763857925391,
      "dt_corr": 0.7074730188254162,
      "file": "rx_qpsk_50m_p2_txg29.npz",
      "tx_gain": 29
    },
    {
      "ber": {
        "ls_p0": 0.04256253824425091,
        "ls": 0.03851238313268442,
        "lmmse_pdp": 0.045750974783697634,
        "lmmse_empirical": 0.05135678150614754,
        "dt_assisted_ls": 0.03933768072632058,
        "dt_assisted_lmmse": 0.08488971870019353
      },
      "mse": {
        "ls_p0": 0.7888675585215092,
        "ls": 0.7888675585215092,
        "lmmse_pdp": 0.6782675168515779,
        "lmmse_empirical": 0.6306027993670653,
        "dt_assisted_ls": 0.6233167895118894,
        "dt_assisted_lmmse": 1.2291441954955244
      },
      "h_power": 4.139726161956787,
      "n_frames": 9760,
      "n_bits": 44974080,
      "cfo_hz": -605.4456581573669,
      "sigma_w_sq": 0.3590098036432768,
      "ebn0_db": 7.085238814115296,
      "snr_db": 11.064638900835673,
      "w_mean": 0.8574204383111373,
      "scale_ratio": 9.547664288224315,
      "dt_corr": 0.7036192554493408,
      "file": "rx_qpsk_50m_p2_txg31.npz",
      "tx_gain": 31
    }
  ]
}