{
  "position": "p1",
  "bw": "20m",
  "modulation": "qpsk",
  "receivers": [
    "ls_p0",
    "ls",
    "lmmse_pdp",
    "lmmse_empirical",
    "dt_assisted_ls",
    "dt_assisted_lmmse"
  ],
  "P_cal": 0.4737254686653614,
  "r_hh_pdp": {
    "model": "measured_pdp",
    "n_taps": 50,
    "eff_rank": 173,
    "trace": 181.91058182583052
  },
  "r_hh_empirical": {
    "n_positions": 20,
    "eff_rank": 173,
    "trace": 200.9274742318583
  },
  "captures": [
    {
      "ber": {
        "ls_p0": 0.14674550373479733,
        "ls": 0.1273921038764989,
        "lmmse_pdp": 0.11938028043023156,
        "lmmse_empirical": 0.12298401273533852,
        "dt_assisted_ls": 0.14074621847318353,
        "dt_assisted_lmmse": 0.097034358622433
      },
      "mse": {
        "ls_p0": 0.11192425247845177,
        "ls": 0.11192425247845177,
        "lmmse_pdp": 0.09229610407773131,
        "lmmse_empirical": 0.09294141244076058,
        "dt_assisted_ls": 0.03668459985218821,
        "dt_assisted_lmmse": 0.03138059541716739
      },
      "h_power": 0.2244870662689209,
      "n_frames": 3901,
      "n_bits": 17975808,
      "cfo_hz": -550.2973919390002,
      "sigma_w_sq": 0.07040339394854815,
      "ebn0_db": 1.792724367231636,
      "snr_db": 5.772124453952012,
      "w_mean": 0.4063029702415957,
      "scale_ratio": 0.4738758650688001,
      "dt_corr": 0.9001361155821718,
      "file": "rx_qpsk_20m_p1_txg13.npz",
      "tx_gain": 13
    },
    {
      "ber": {
        "ls_p0": 0.10463752171807798,
        "ls": 0.08983095502577687,
        "lmmse_pdp": 0.08393831309279672,
        "lmmse_empirical": 0.0871380023640662,
        "dt_assisted_ls": 0.10071363690577914,
        "dt_assisted_lmmse": 0.06850546022743456
      },
      "mse": {
        "ls_p0": 0.126458512291983,
        "ls": 0.126458512291983,
        "lmmse_pdp": 0.10605517241418293,
        "lmmse_empirical": 0.10605071249539329,
        "dt_assisted_ls": 0.05383043251226874,
        "dt_assisted_lmmse": 0.04589871488777077
      },
      "h_power": 0.35957789421081543,
      "n_frames": 3901,
      "n_bits": 17975808,
      "cfo_hz": -549.3975419876954,
      "sigma_w_sq": 0.07040339394854815,
      "ebn0_db": 3.729630198523866,
      "snr_db": 7.709030285244242,
      "w_mean": 0.5219242742261639,
      "scale_ratio": 0.7590427747612203,
      "dt_corr": 0.8914289054517721,
      "file": "rx_qpsk_20m_p1_txg15.npz",
      "tx_gain": 15
    },
    {
      "ber": {
        "ls_p0": 0.07080560718049503,
        "ls": 0.060609737264661484,
        "lmmse_pdp": 0.05680540201586488,
        "lmmse_empirical": 0.06011184587641345,
        "dt_assisted_ls": 0.07045669379646245,
        "dt_assisted_lmmse": 0.047570045251929705
      },
      "mse": {
        "ls_p0": 0.1619717993349335,
        "ls": 0.1619717993349335,
        "lmmse_pdp": 0.1403165776418746,
        "lmmse_empirical": 0.13953937694916663,
        "dt_assisted_ls": 0.08119565645825176,
        "dt_assisted_lmmse": 0.07965945591581344
      },
      "h_power": 0.5775792002677917,
      "n_frames": 3901,
      "n_bits": 17975808,
      "cfo_hz": -547.3478118807891,
      "sigma_w_sq": 0.07040339394854815,
      "ebn0_db": 5.798845138501063,
      "snr_db": 9.77824522522144,
      "w_mean": 0.6359123518319637,
      "scale_ratio": 1.2192276718729522,
      "dt_corr": 0.8961208224668901,
      "file": "rx_qpsk_20m_p1_txg17.npz",
      "tx_gain": 17
    },
    {
      "ber": {
        "ls_p0": 0.05019586894586894,
        "ls": 0.04336638621794872,
        "lmmse_pdp": 0.040947182158119655,
        "lmmse_empirical": 0.04433109642094017,
        "dt_assisted_ls": 0.0470600738960114,
        "dt_assisted_lmmse": 0.035208333333333335
      },
      "mse": {
        "ls_p0": 0.20623304697650646,
        "ls": 0.20623304697650646,
        "lmmse_pdp": 0.18170814027308496,
        "lmmse_empirical": 0.17985025161912807,
        "dt_assisted_ls": 0.12342485748588629,
        "dt_assisted_lmmse": 0.11972710748734419
      },
      "h_power": 0.9275171756744385,
      "n_frames": 3900,
      "n_bits": 17971200,
      "cfo_hz": -549.6712197593253,
      "sigma_w_sq": 0.07040339394854815,
      "ebn0_db": 7.811918687438225,
      "snr_db": 11.7913187741586,
      "w_mean": 0.736493440230376,
      "scale_ratio": 1.9579212793594478,
      "dt_corr": 0.8968581120361353,
      "file": "rx_qpsk_20m_p1_txg19.npz",
      "tx_gain": 19
    },
    {
      "ber": {
        "ls_p0": 0.03689102598336609,
        "ls": 0.032381242612293144,
        "lmmse_pdp": 0.030887179035290098,
        "lmmse_empirical": 0.03450715539462816,
        "dt_assisted_ls": 0.03375759242644336,
        "dt_assisted_lmmse": 0.02707755890583611
      },
      "mse": {
        "ls_p0": 0.2859228762517543,
        "ls": 0.2859228762517543,
        "lmmse_pdp": 0.25765602278071126,
        "lmmse_empirical": 0.2524310304588473,
        "dt_assisted_ls": 0.19678643127931378,
        "dt_assisted_lmmse": 0.19440655766491605
      },
      "h_power": 1.452105164527893,
      "n_frames": 3901,
      "n_bits": 17975808,
      "cfo_hz": -543.8877139370761,
      "sigma_w_sq": 0.07040339394854815,
      "ebn0_db": 9.768462636273975,
      "snr_db": 13.74786272299435,
      "w_mean": 0.8135740306203284,
      "scale_ratio": 3.0652883591396196,
      "dt_corr": 0.8852046914585078,
      "file": "rx_qpsk_20m_p1_txg21.npz",
      "tx_gain": 21
    },
    {
      "ber": {
        "ls_p0": 0.02770911235754986,
        "ls": 0.024496416488603987,
        "lmmse_pdp": 0.023512620192307692,
        "lmmse_empirical": 0.027847277866809118,
        "dt_assisted_ls": 0.025264367432336184,
        "dt_assisted_lmmse": 0.02088146590099715
      },
      "mse": {
        "ls_p0": 0.39966411925602663,
        "ls": 0.39966411925602663,
        "lmmse_pdp": 0.36507663811425206,
        "lmmse_empirical": 0.3565574842544508,
        "dt_assisted_ls": 0.3070045393616336,
        "dt_assisted_lmmse": 0.29993400708939116
      },
      "h_power": 2.277120590209961,
      "n_frames": 3900,
      "n_bits": 17971200,
      "cfo_hz": -541.4913123020413,
      "sigma_w_sq": 0.07040339394854815,
      "ebn0_db": 11.705465362357039,
      "snr_db": 15.684865449077417,
      "w_mean": 0.8722796605244273,
      "scale_ratio": 4.806835901445936,
      "dt_corr": 0.8865459518015419,
      "file": "rx_qpsk_20m_p1_txg23.npz",
      "tx_gain": 23
    },
    {
      "ber": {
        "ls_p0": 0.021109441773504274,
        "ls": 0.018690349002849004,
        "lmmse_pdp": 0.01805789262820513,
        "lmmse_empirical": 0.02314319577991453,
        "dt_assisted_ls": 0.01930522168803419,
        "dt_assisted_lmmse": 0.014860387731481482
      },
      "mse": {
        "ls_p0": 0.5445798342224906,
        "ls": 0.5445798342224906,
        "lmmse_pdp": 0.5046364970566354,
        "lmmse_empirical": 0.4911267240323354,
        "dt_assisted_ls": 0.4564360483433077,
        "dt_assisted_lmmse": 0.4519471495834025
      },
      "h_power": 3.6572864055633545,
      "n_frames": 3900,
      "n_bits": 17971200,
      "cfo_hz": -543.9149840494034,
      "sigma_w_sq": 0.07040339394854815,
      "ebn0_db": 13.709763567702318,
      "snr_db": 17.689163654422696,
      "w_mean": 0.9163344672745687,
      "scale_ratio": 7.720265528191082,
      "dt_corr": 0.8932492762449483,
      "file": "rx_qpsk_20m_p1_txg25.npz",
      "tx_gain": 25
    },
    {
      "ber": {
        "ls_p0": 0.016225195551710387,
        "ls": 0.014312847578256288,
        "lmmse_pdp": 0.013950638547096186,
        "lmmse_empirical": 0.02018273670924834,
        "dt_assisted_ls": 0.014788653728388732,
        "dt_assisted_lmmse": 0.011709793518043807
      },
      "mse": {
        "ls_p0": 0.8374342134380603,
        "ls": 0.8374342134380603,
        "lmmse_pdp": 0.7827830656733498,
        "lmmse_empirical": 0.763269309525978,
        "dt_assisted_ls": 0.7435976343133384,
        "dt_assisted_lmmse": 0.7313344607074849
      },
      "h_power": 5.750085353851318,