{
  "method": "tx_position_calibration_upec_batched",
  "config": {
    "lr": 0.002,
    "iterations": 50,
    "seed": 42,
    "reg_lambda": 0.1,
    "max_pos_offset": 0.5,
    "max_z_offset": 0.1,
    "scene": "/home/native/project/weeks_hall_refined/weeks_hall_refined.xml",
    "pos_file": "/home/native/project/sionna/data_results/rx_positions_refined.json",
    "train_bw": "bw50p0",
    "train_samp_rate": 50000000.0,
    "val_bws": [
      "bw20p0",
      "bw25p0"
    ],
    "n_positions": 20,
    "position_keys": [
      "posp1",
      "posp2",
      "posp3",
      "posp4",
      "posp5",
      "posp6",
      "posp7",
      "posp8",
      "posp9",
      "posp10",
      "posp11",
      "posp12",
      "posp13",
      "posp14",
      "posp15",
      "posp16",
      "posp17",
      "posp18",
      "posp19",
      "posp20"
    ]
  },
  "nominal_tx": [
    -6.0,
    6.2,
    2.5
  ],
  "calibrated_tx": [
    -6.000689138505788,
    6.2,
    2.4783930557042457
  ],
  "tx_correction_cm": {
    "dx": -0.06891385057876676,
    "dz": -2.160694429575427
  },
  "rx_positions": {
    "posp1": [
      -0.9,
      2.5,
      1.2
    ],
    "posp2": [
      -6.6,
      -5.2,
      1.2
    ],
    "posp3": [
      -10.5,
      -4.9,
      1.2
    ],
    "posp4": [
      -0.7,
      -5.4,
      1.2
    ],
    "posp5": [
      4.9,
      -3.6,
      1.2
    ],
    "posp6": [
      7.9,
      -0.3,
      1.2
    ],
    "posp7": [
      8.1,
      5.7,
      1.2
    ],
    "posp8": [
      0.0,
      0.0,
      1.2
    ],
    "posp9": [
      -9.8,
      1.3,
      1.2
    ],
    "posp10": [
      -8.7,
      6.3,
      1.2
    ],
    "posp11": [
      -2.8,
      0.0,
      1.2
    ],
    "posp12": [
      -6.1,
      0.0,
      1.2
    ],
    "posp13": [
      -10.7,
      0.0,
      1.2
    ],
    "posp14": [
      -10.1,
      -2.9,
      1.2
    ],
    "posp15": [
      -7.1,
      -2.9,
      1.2
    ],
    "posp16": [
      -4.1,
      -2.9,
      1.2
    ],
    "posp17": [
      -1.6,
      -2.9,
      1.2
    ],
    "posp18": [
      8.5,
      -2.9,
      1.2
    ],
    "posp19": [
      8.5,
      -5.0,
      1.2
    ],
    "posp20": [
      3.7,
      -6.9,
      1.2
    ]
  },
  "loss_history": [
    5261.9701841715405,
    4888.895925912646,
    4573.37409260719,
    4913.594022174852,
    5159.046513401367,
    5043.333213443026,
    4812.948541326947,
    4741.776280773572,
    4565.599196652351,
    4571.902166396381,
    4613.335300875627,
    4538.926267336586,
    4591.817923266457,
    4463.342361178993,
    4460.784803394115,
    4245.437667581254,
    4139.826567809016,
    4065.5075689397045,
    4105.866390506175,
    4039.820797835488,
    3992.120748708718,
    4128.535019241321,
    4163.796985626359,
    4204.25897711554,
    4313.913230178866,
    4234.524014890495,
    4264.853845392882,
    4283.296447567354,
    4048.9509272429746,
    4098.984610729116,
    4105.853978495717,
    4061.736245628238,
    4058.7693011031774,
    4112.0515012978885,
    4349.264793601909,
    4404.863963867319,
    4398.792595738575,
    4129.713386382732,
    4141.975690756073,
    4143.693718408581,
    4146.27041319213,
    4201.892909681405,
    4159.31797368403,
    4179.050008309992,
    4085.583278973326,
    4070.576954543619,
    4085.4825432813386,
    4050.4724872009924,
    3986.8192898535904,
    4141.3179799777145
  ],
  "best_iteration": 48,
  "elapsed_seconds": 4359.551715373993,
  "seconds_per_iter": 87.19103430747985,
  "eval_train_bw": {
    "posp1": 56.40274708091235,
    "posp2": 222.42892959502527,
    "posp3": 203.90798519823858,
    "posp4": 175.13365676670492,
    "posp5": 416.25453750776074,
    "posp6": 205.48240872876855,
    "posp7": 203.0117887742684,
    "posp8": 138.4185041038205,
    "posp9": 115.50222259633381,
    "posp10": 64.12539005199929,
    "posp11": 198.5022067469199,
    "posp12": 128.03434322970065,
    "posp13": 176.27512596053424,
    "posp14": 118.43925307926722,
    "posp15": 171.642372527164,
    "posp16": 143.5177408639421,
    "posp17": 440.5933411357903,
    "posp18": 458.32806594760797,
    "posp19": 343.0428447889243,
    "posp20": 163.35692750502582
  },
  "eval_val_bws": {
    "bw20p0": {
      "posp1": 40.69523470258173,
      "posp2": 311.12316872019846,
      "posp3": 124.42717046151644,
      "posp4": 106.23551687490561,
      "posp5": 179.2392114965924,
      "posp6": 156.09297120724065,
      "posp7": 135.08868282175388,
      "posp8": 214.0876637856875,
      "posp9": 103.87498182724272,
      "posp10": 10.791105358091468,
      "posp11": 168.24212430715173,
      "posp12": 136.67434485074557,
      "posp13": 202.43270206605817,
      "posp14": 36.32860400540669,
      "posp15": 150.83319904070026,
      "posp16": 152.74803013374992,
      "posp17": 175.88729065505603,
      "posp18": 143.6532551335852,
      "posp19": 263.1675187842423,
      "posp20": 238.86201553327297
    },
    "bw25p0": {
      "posp1": 35.14490888789133,
      "posp2": 213.79925355796266,
      "posp3": 84.5263252149573,
      "posp4": 100.63947383041324,
      "posp5": 219.2728589685534,
      "posp6": 182.70860837255498,
      "posp7": 108.4329006805244,
      "posp8": 201.26579856258581,
      "posp9": 91.1855179109605,
      "posp10": 14.941509363861893,
      "posp11": 159.66829994390335,
      "posp12": 168.01476947404242,
      "posp13": 199.4389177984224,
      "posp14": 39.7632683417085,
      "posp15": 127.39716837870823,
      "posp16": 128.00111783398444,
      "posp17": 277.86506768157494,
      "posp18": 216.60284110408065,
      "posp19": 272.2174502868039,
      "posp20": 169.45012942629523
    }
  }
}